number,value,datetime_start,datetime_complete,duration,params_PENALTY_STAGNATION,params_REWARD_DISTANCE_COEFF,params_REWARD_SURVIVAL,params_ent_coef,params_lr,state
0,128.65,2026-02-02 23:51:45.678579,2026-02-02 23:54:19.739539,0 days 00:02:34.060960,-0.21117030130614456,0.1622300353129225,0.11431455537896013,8.220470743707812e-05,0.0002738257504586531,COMPLETE
1,109.05,2026-02-02 23:54:19.744827,2026-02-02 23:56:42.306821,0 days 00:02:22.561994,-0.1950337946023255,0.19837753781882828,0.03261870636167269,0.0001771950478788116,4.881829596700288e-05,COMPLETE
2,120.4,2026-02-02 23:56:42.311826,2026-02-02 23:59:13.903957,0 days 00:02:31.592131,-0.9988054549610985,0.04620759966106313,0.21832794805694927,6.998492066648586e-05,0.00018530853466118462,COMPLETE
3,136.15,2026-02-02 23:59:13.907321,2026-02-03 00:01:43.088950,0 days 00:02:29.181629,-0.6338373692795312,0.11252414319222237,0.43428135794838607,0.0009154558843137672,1.9849420321076578e-05,COMPLETE
4,125.7,2026-02-03 00:01:43.092510,2026-02-03 00:04:12.318166,0 days 00:02:29.225656,-0.4821579399859379,0.09614555827444,0.26993851856264195,0.00013191948960386758,0.00018890387072506944,COMPLETE
5,84.6,2026-02-03 00:04:12.321471,2026-02-03 00:06:43.632361,0 days 00:02:31.310890,-0.7241283611296412,0.1726207807269095,0.4478970343058969,0.00017643867049563875,0.0002338858481539903,COMPLETE
6,119.55000000000001,2026-02-03 00:06:43.635431,2026-02-03 00:09:17.403490,0 days 00:02:33.768059,-0.10561376500385511,0.05005615537275548,0.4735738149111507,5.798533757197581e-05,3.092378258243018e-05,COMPLETE
7,,2026-02-03 00:09:17.406589,2026-02-03 00:10:56.499171,0 days 00:01:39.092582,-0.127367053608907,0.06269360395609483,0.0999622034861512,0.0005486719392146073,4.3817229422865434e-05,FAIL
8,127.1,2026-02-03 00:12:42.941574,2026-02-03 00:15:12.329255,0 days 00:02:29.387681,-0.9616347957478736,0.1686192129700684,0.20774131195691653,0.0007899415387675074,4.759434588360585e-05,COMPLETE
9,168.8,2026-02-03 00:15:12.334180,2026-02-03 00:17:38.636164,0 days 00:02:26.301984,-0.45935248640137905,0.14058346297232813,0.3962534038925182,0.0001625016847839935,2.3225817051272233e-05,COMPLETE
10,118.4,2026-02-03 00:17:38.640048,2026-02-03 00:20:04.249759,0 days 00:02:25.609711,-0.4073614411077996,0.17271818106207762,0.2684116077456051,0.00011567608695015536,0.00010427689536631553,COMPLETE
11,125.05000000000001,2026-02-03 00:20:04.253182,2026-02-03 00:22:30.377322,0 days 00:02:26.124140,-0.3511231469129297,0.13271573658535132,0.3661367857280529,0.0004029944483659259,1.0799541796417714e-05,COMPLETE
12,108.5,2026-02-03 00:22:30.380688,2026-02-03 00:24:56.443233,0 days 00:02:26.062545,-0.6838450715721067,0.1294035709658506,0.378647439926461,0.00034872134568805053,1.5243572765852945e-05,COMPLETE
13,166.0,2026-02-03 00:24:56.446288,2026-02-03 00:27:23.175750,0 days 00:02:26.729462,-0.6234204297951998,0.11660523528717402,0.38002896919592677,0.0009531874085547475,2.3350636591537173e-05,COMPLETE
14,153.85,2026-02-03 00:27:23.179434,2026-02-03 00:29:56.870307,0 days 00:02:33.690873,-0.7715613174249647,0.1429529118205149,0.3507841988034948,0.0003209056295117298,2.7025290273628765e-05,COMPLETE
15,161.8,2026-02-03 00:29:56.873714,2026-02-03 00:32:23.799327,0 days 00:02:26.925613,-0.5284165622455048,0.12234617187643529,0.32332057695925154,0.0005648809874395627,8.320453338208794e-05,COMPLETE
16,153.14999999999998,2026-02-03 00:32:23.802467,2026-02-03 00:34:49.617065,0 days 00:02:25.814598,-0.8245615027300667,0.10783860284960967,0.4075842394683286,0.0002778700675152874,3.216080207379355e-05,COMPLETE
17,166.75,2026-02-03 00:34:49.620227,2026-02-03 00:37:16.190861,0 days 00:02:26.570634,-0.5992561415518906,0.14968211057712943,0.48727489029667115,0.0005492050790934368,1.0127994345350271e-05,COMPLETE
18,152.25,2026-02-03 00:37:16.193796,2026-02-03 00:39:43.492033,0 days 00:02:27.298237,-0.362873842096692,0.15117409582598249,0.49140605687448263,0.0005251242138557264,1.0402529693921408e-05,COMPLETE
19,153.25,2026-02-03 00:39:43.494946,2026-02-03 00:42:09.980564,0 days 00:02:26.485618,-0.48075757876683595,0.1499537929029065,0.31078704645239996,0.0002317032901336135,1.5538076162166864e-05,COMPLETE
20,149.6,2026-02-03 00:42:09.983820,2026-02-03 00:44:36.346644,0 days 00:02:26.362824,-0.8876776443033363,0.18132936154349535,0.49745613967941343,0.0004975285747631097,1.5240981216879078e-05,COMPLETE
21,144.25,2026-02-03 00:44:36.349955,2026-02-03 00:47:02.367475,0 days 00:02:26.017520,-0.5681921195005889,0.14219924218753902,0.42869338787313116,0.00010806854592414844,3.985855721466137e-05,COMPLETE
22,158.35,2026-02-03 00:47:02.370619,2026-02-03 00:49:28.701994,0 days 00:02:26.331375,-0.5682901239238085,0.1535923411564383,0.39829760188609054,0.0006956575320386933,2.0250778624505875e-05,COMPLETE
23,109.69999999999999,2026-02-03 00:49:28.705222,2026-02-03 00:51:54.105512,0 days 00:02:25.400290,-0.649123925931417,0.13512218481174715,0.31952761503505517,0.0009621727201902734,6.678741158425337e-05,COMPLETE
24,136.45,2026-02-03 00:51:54.108603,2026-02-03 00:54:20.325123,0 days 00:02:26.216520,-0.44808041656099207,0.11982713700489545,0.4531601091651509,0.0007077748107148971,2.1866463093024235e-05,COMPLETE
25,126.85000000000001,2026-02-03 00:54:20.328114,2026-02-03 00:56:46.201836,0 days 00:02:25.873722,-0.28882937711503387,0.10545071944843266,0.17231495984455236,0.00017105220118526258,1.246995712916504e-05,COMPLETE
26,131.5,2026-02-03 00:56:46.205285,2026-02-03 00:59:14.477219,0 days 00:02:28.271934,-0.5914290573509023,0.1409111605550369,0.405482164422095,0.00023436823794478252,2.212681998387139e-05,COMPLETE
27,109.45,2026-02-03 00:59:14.480565,2026-02-03 01:01:42.553250,0 days 00:02:28.072685,-0.7124701821830053,0.1579525379953388,0.3454360206360175,0.0004422496411762565,4.008711328681925e-05,COMPLETE
28,172.15,2026-02-03 01:01:42.556370,2026-02-03 01:04:10.654116,0 days 00:02:28.097746,-0.7971246012664144,0.12320014439310749,0.29345732487380033,0.0005984525579715009,1.3523140374899908e-05,COMPLETE
29,108.25,2026-02-03 01:04:10.658222,2026-02-03 01:06:38.851213,0 days 00:02:28.192991,-0.7960869611021393,0.1285433978932348,0.2910947869573049,0.00031080249960154064,1.277847408093611e-05,COMPLETE
30,132.89999999999998,2026-02-03 01:06:38.854739,2026-02-03 01:09:08.200334,0 days 00:02:29.345595,-0.8902273487744266,0.1454762106778968,0.12768762510998097,9.44895595918744e-05,1.7214037453610225e-05,COMPLETE
31,143.65,2026-02-03 01:09:08.203874,2026-02-03 01:11:35.781823,0 days 00:02:27.577949,-0.8724499794669752,0.16247355239143352,0.24589125794097977,0.00014770927682040017,1.0154158485816096e-05,COMPLETE
32,126.65,2026-02-03 01:11:35.785061,2026-02-03 01:14:02.605083,0 days 00:02:26.820022,-0.5227903656518883,0.1188301912290542,0.380992376934475,0.0006199335244607976,2.7504865444609572e-05,COMPLETE
33,139.3,2026-02-03 01:14:02.608552,2026-02-03 01:16:30.148121,0 days 00:02:27.539569,-0.6429749071284567,0.12731434681805487,0.052108993328480485,0.0008105673275059274,1.354268590238801e-05,COMPLETE
34,117.1,2026-02-03 01:16:30.151440,2026-02-03 01:18:58.375985,0 days 00:02:28.224545,-0.7580931409662872,0.13793000092790209,0.4648642373743409,0.00040529290442832674,1.9709478775639425e-05,COMPLETE
35,153.7,2026-02-03 01:18:58.379292,2026-02-03 01:21:26.447630,0 days 00:02:28.068338,-0.6055232720645873,0.11331687817819716,0.4196540255158471,0.0009599234135852852,1.787107679373811e-05,COMPLETE
36,121.8,2026-02-03 01:21:26.450813,2026-02-03 01:23:55.559894,0 days 00:02:29.109081,-0.24396668596979598,0.12466651189120648,0.3336369283350693,0.0006186688020407255,2.481399582571167e-05,COMPLETE
37,140.05,2026-02-03 01:23:55.564062,2026-02-03 01:26:26.672829,0 days 00:02:31.108767,-0.44168391112600963,0.11301509134663787,0.2298011655779808,0.0007539384498322732,1.2578846440864032e-05,COMPLETE
38,149.15,2026-02-03 01:26:26.676283,2026-02-03 01:28:52.032982,0 days 00:02:25.356699,-0.6791273685370856,0.10117782244511157,0.2928654613274988,0.00019405532727399,0.0001306790469970957,COMPLETE
39,134.3,2026-02-03 01:28:52.036209,2026-02-03 01:31:17.297218,0 days 00:02:25.261009,-0.5172604703102588,0.1942501460369488,0.4441332146270146,7.493750663971733e-05,3.3975035593807096e-05,COMPLETE
40,159.0,2026-02-03 01:31:17.300350,2026-02-03 01:33:49.634245,0 days 00:02:32.333895,-0.9505952432860101,0.11688477846366888,0.1853503600595623,0.0008469186776449162,5.4105622033228885e-05,COMPLETE
41,148.45,2026-02-03 01:33:49.637392,2026-02-03 01:36:16.512250,0 days 00:02:26.874858,-0.38464135250696607,0.13370133981216034,0.37273471756689913,0.0001377306757993492,2.426301349286246e-05,COMPLETE
42,130.8,2026-02-03 01:36:16.515464,2026-02-03 01:38:45.126951,0 days 00:02:28.611487,-0.530056548864069,0.125363735193638,0.29874800671541574,0.0005723460016154649,8.989590586976653e-05,COMPLETE
43,120.45,2026-02-03 01:38:45.131174,2026-02-03 01:41:11.793652,0 days 00:02:26.662478,-0.4812603915547572,0.12217355040489254,0.26510849867013453,0.0005017001894788779,7.416758136808911e-05,COMPLETE
44,132.55,2026-02-03 01:41:11.796660,2026-02-03 01:43:38.083758,0 days 00:02:26.287098,-0.611379305443705,0.14621634810330486,0.3391759093351896,0.0006251844094083886,0.00015897391197984402,COMPLETE
45,99.6,2026-02-03 01:43:38.087000,2026-02-03 01:46:04.888679,0 days 00:02:26.801679,-0.3301676037766326,0.13236744029977768,0.35734395650014544,0.0004322563814103682,7.278392200273522e-05,COMPLETE
46,127.15,2026-02-03 01:46:04.892161,2026-02-03 01:48:31.394594,0 days 00:02:26.502433,-0.41962295849895453,0.11049655883561117,0.3845567419131085,0.00026114790896758234,0.0002816583095064707,COMPLETE
47,194.45,2026-02-03 01:48:31.397614,2026-02-03 01:50:58.025209,0 days 00:02:26.627595,-0.11846973928516624,0.15985190660825255,0.4716676151054661,0.00037304470130126554,9.884346923858008e-05,COMPLETE
48,124.15,2026-02-03 01:50:58.028739,2026-02-03 01:53:25.483534,0 days 00:02:27.454795,-0.20299268831047604,0.16012156607554653,0.4789937806615523,0.0003580483023414609,0.0001179425321072181,COMPLETE
49,126.0,2026-02-03 01:53:25.486797,2026-02-03 01:55:52.113592,0 days 00:02:26.626795,-0.7315235257893967,0.16777240529437315,0.46621269282357025,0.0004807442988796531,0.0002049702154697409,COMPLETE
50,133.85000000000002,2026-02-03 01:55:52.116893,2026-02-03 01:58:20.304277,0 days 00:02:28.187384,-0.14053510378018302,0.15625575274979572,0.4374904498392428,0.0003716098333316765,3.8674919744250375e-05,COMPLETE
51,114.45,2026-02-03 01:58:20.307485,2026-02-03 02:00:47.657433,0 days 00:02:27.349948,-0.12941029912090413,0.17985957951443934,0.495638565666329,0.00019313769214491692,1.4813540446034703e-05,COMPLETE
52,136.75,2026-02-03 02:00:47.660820,2026-02-03 02:03:14.176063,0 days 00:02:26.515243,-0.6859125666266298,0.1487208653657718,0.4171664572773275,0.0005600923169972729,7.951555254264845e-05,COMPLETE
53,135.65,2026-02-03 02:03:14.179333,2026-02-03 02:05:40.223547,0 days 00:02:26.044214,-0.8263183915822415,0.1389644560193333,0.39823578043987085,0.0006725650482981544,6.275694865265833e-05,COMPLETE
54,122.45,2026-02-03 02:05:40.226786,2026-02-03 02:08:06.724263,0 days 00:02:26.497477,-0.31048415579967475,0.11658381799360587,0.3138389406340582,0.0008614160918208645,9.473253284525293e-05,COMPLETE
55,132.7,2026-02-03 02:08:06.727624,2026-02-03 02:10:33.099727,0 days 00:02:26.372103,-0.5481747235426164,0.16374988771953933,0.4547985550063214,0.0003025687829113064,0.00013857200880336765,COMPLETE
56,149.64999999999998,2026-02-03 02:10:33.102893,2026-02-03 02:13:00.081136,0 days 00:02:26.978243,-0.24524449274331722,0.15386320634800632,0.28017785738768014,0.0004683664055845933,0.00011214353564786016,COMPLETE
57,120.55,2026-02-03 02:13:00.084376,2026-02-03 02:15:29.500023,0 days 00:02:29.415647,-0.5009411323775137,0.10532837960958485,0.3224285492104678,5.062226855422273e-05,1.1266991536899743e-05,COMPLETE
58,152.05,2026-02-03 13:34:37.861693,2026-02-03 13:36:56.662035,0 days 00:02:18.800342,-0.5780510906599062,0.16704484331812788,0.36033304440796304,0.0007467835784716397,4.501074720652059e-05,COMPLETE
59,139.39999999999998,2026-02-03 13:45:27.501859,2026-02-03 13:48:03.585969,0 days 00:02:36.084110,-0.6263352533649383,0.17396481266243857,0.48351255425454986,0.0005588702261047446,0.00012391928638201362,COMPLETE
60,107.95,2026-02-03 13:48:03.590656,2026-02-03 13:50:23.414805,0 days 00:02:19.824149,-0.4534570996556251,0.12228788609601346,0.3902700167274752,0.0003797761825799795,0.0001567580961338672,COMPLETE
61,160.55,2026-02-03 13:50:23.418175,2026-02-03 13:52:40.407350,0 days 00:02:16.989175,-0.6611299625520658,0.13628597780265267,0.48675245575636505,0.0006721581085845724,0.00011020610582213148,COMPLETE
62,143.8,2026-02-03 13:52:40.410582,2026-02-03 13:54:57.763357,0 days 00:02:17.352775,-0.6664988975371202,0.14466459069711224,0.4845509472554067,0.0006617971382341617,0.00011230110216760648,COMPLETE
63,158.25,2026-02-03 13:54:57.766615,2026-02-03 13:57:16.274730,0 days 00:02:18.508115,-0.7129145548798239,0.13618737573620082,0.475841486360962,0.0005851488358287743,0.00010898436122950074,COMPLETE
64,178.6,2026-02-03 13:57:16.278778,2026-02-03 13:59:34.487256,0 days 00:02:18.208478,-0.5510446667592698,0.13058557269515034,0.4669003835170972,0.0008827674179828953,0.0001232136439096098,COMPLETE
65,168.95,2026-02-03 13:59:34.490393,2026-02-03 14:02:03.630088,0 days 00:02:29.139695,-0.5663352182859909,0.13126076049314658,0.46709413400140637,0.0009548128352950211,0.00015345733301179486,COMPLETE
66,153.60000000000002,2026-02-03 14:02:03.633210,2026-02-03 14:04:34.748511,0 days 00:02:31.115301,-0.5498155215869015,0.13270329769172165,0.45998242335228146,0.0008991070734317428,0.00015339891181787488,COMPLETE
67,170.45,2026-02-03 14:04:34.751875,2026-02-03 14:07:03.746735,0 days 00:02:28.994860,-0.5831207153395522,0.13051395674098648,0.47032830350057364,0.0009328118993022556,0.00014706199171368224,COMPLETE
68,163.3,2026-02-03 14:07:03.749846,2026-02-03 14:09:30.275254,0 days 00:02:26.525408,-0.9814412765042522,0.13103427478551782,0.47090741683726195,0.000990347921139334,0.00014626434434033018,COMPLETE
69,191.55,2026-02-03 14:09:30.285117,2026-02-03 14:12:05.161731,0 days 00:02:34.876614,-0.3859548054428229,0.13965442017635735,0.4471262191933596,0.0007652117633844288,0.00016939751207206049,COMPLETE
70,118.25,2026-02-03 14:12:05.164947,2026-02-03 14:14:39.635171,0 days 00:02:34.470224,-0.3961569448691061,0.14065615597802214,0.44545902062759823,0.0008044367319654136,0.00017058197996692063,COMPLETE
71,129.85,2026-02-03 14:14:39.640193,2026-02-03 14:17:14.839837,0 days 00:02:35.199644,-0.363707259499516,0.12902761812577895,0.4319418929266587,0.000899484689120393,0.00017319477540649584,COMPLETE
72,125.55000000000001,2026-02-03 14:17:14.843017,2026-02-03 14:19:49.386256,0 days 00:02:34.543239,-0.4927062702570012,0.14856347460098188,0.45416944991858615,0.0007612749592621078,0.0001408049071271211,COMPLETE
73,120.1,2026-02-03 14:19:49.389185,2026-02-03 14:22:21.139865,0 days 00:02:31.750680,-0.5830823391855549,0.1423967798088482,0.4993220381773936,0.000863993781045551,0.00014659218517752592,COMPLETE
74,139.3,2026-02-03 14:22:21.143263,2026-02-03 14:24:56.522249,0 days 00:02:35.378986,-0.430376315538299,0.12560244916154123,0.46631306866764044,0.0007244923683710404,0.00013425311376851496,COMPLETE
75,144.05,2026-02-03 14:24:56.525622,2026-02-03 14:27:29.417300,0 days 00:02:32.891678,-0.17341559247929889,0.15215264863275751,0.4908168873398322,0.0008085782020290839,0.00016972339770739782,COMPLETE
76,181.10000000000002,2026-02-03 14:27:29.420355,2026-02-03 14:30:03.796771,0 days 00:02:34.376416,-0.5590007608560938,0.1387230634701005,0.47307260695876185,0.0008518880295290518,0.00016469486765868186,COMPLETE
77,165.1,2026-02-03 14:30:03.800683,2026-02-03 14:32:41.600538,0 days 00:02:37.799855,-0.46995560315181395,0.13723156101733808,0.46048919030241986,0.0009149209697764373,0.00016144537377870444,COMPLETE
78,95.0,2026-02-03 14:32:41.604113,2026-02-03 14:35:21.947990,0 days 00:02:40.343877,-0.2568408009308937,0.13976797338385988,0.4732509468390764,0.0008450695790125382,0.0001498352160089031,COMPLETE
79,143.39999999999998,2026-02-03 14:35:21.951493,2026-02-03 14:37:57.370822,0 days 00:02:35.419329,-0.5539306417210037,0.129818534452954,0.43811264256906074,0.0009946642403937927,0.0001641421461487324,COMPLETE
80,147.14999999999998,2026-02-03 14:37:57.374196,2026-02-03 14:40:43.972221,0 days 00:02:46.598025,-0.5123122515914433,0.1346275537139695,0.44387278632707067,0.0009339151062351445,0.0001770707032832949,COMPLETE
81,96.45,2026-02-03 14:40:43.975790,2026-02-03 14:43:30.075510,0 days 00:02:46.099720,-0.5975204084684671,0.1261206075397731,0.4249973108556133,0.0002252135081875592,0.00016615740089622415,COMPLETE
82,132.8,2026-02-03 14:43:30.079284,2026-02-03 14:46:09.694033,0 days 00:02:39.614749,-0.6258314420663535,0.13075481222532082,0.48162735719733224,0.0007842637276214895,0.00018309885468388207,COMPLETE
83,128.0,2026-02-03 14:46:09.697587,2026-02-03 14:48:46.320368,0 days 00:02:36.622781,-0.4681757831289529,0.14744453565457075,0.4749227336648698,0.0007371931741639285,0.00015451720880146395,COMPLETE
84,117.85,2026-02-03 14:48:46.323668,2026-02-03 14:51:25.646543,0 days 00:02:39.322875,-0.5396118982481597,0.14451429000555394,0.4604322349587646,0.00032560787286475904,0.00012604035237203832,COMPLETE
85,179.9,2026-02-03 14:51:25.649636,2026-02-03 14:54:01.260593,0 days 00:02:35.610957,-0.5608773990614033,0.14350717233485094,0.46919749195354027,0.0005358641488549793,0.00011673026263447863,COMPLETE
86,124.8,2026-02-03 14:54:01.263722,2026-02-03 14:56:44.483118,0 days 00:02:43.219396,-0.5642353585540167,0.13904596034446798,0.4510738005974959,0.0005200943284669042,0.00011728333327520607,COMPLETE
87,139.65,2026-02-03 14:56:44.486486,2026-02-03 14:59:23.153205,0 days 00:02:38.666719,-0.5048383210994376,0.14211276322642266,0.46747689510551493,0.0008738984035957406,0.0001210071265325599,COMPLETE
88,95.25,2026-02-03 14:59:23.156889,2026-02-03 15:02:01.622917,0 days 00:02:38.466028,-0.9395154542766706,0.12020139596528504,0.4788588729436457,0.0006273311148983487,0.0001341036264435851,COMPLETE
89,139.0,2026-02-03 15:02:01.626415,2026-02-03 15:04:52.158157,0 days 00:02:50.531742,-0.7900941738151459,0.13382063851858703,0.458801304563937,0.0007064951165494494,0.00014348492155358232,COMPLETE
90,142.35,2026-02-03 15:04:52.163040,2026-02-03 15:07:46.801201,0 days 00:02:54.638161,-0.40832103470611736,0.12772515956842387,0.4894957529941293,0.0004254137248611457,0.00014999497761440428,COMPLETE
91,110.45,2026-02-03 15:07:46.805241,2026-02-03 15:10:37.769176,0 days 00:02:50.963935,-0.5295493391891948,0.14384814214383562,0.41136079700587563,0.0001250896184335083,0.00013076424947855897,COMPLETE
92,225.55,2026-02-03 15:10:37.772622,2026-02-03 15:13:32.412789,0 days 00:02:54.640167,-0.6004711179088439,0.14939274831729732,0.4698947940791395,0.00046702152690898094,0.00010748318420395051,COMPLETE
93,149.8,2026-02-03 15:13:32.416598,2026-02-03 15:16:17.675378,0 days 00:02:45.258780,-0.610034020107652,0.1550738796811886,0.44979279779555,0.0005318930886086009,0.00010715862157114177,COMPLETE
94,140.95,2026-02-03 15:16:17.678969,2026-02-03 15:19:09.566398,0 days 00:02:51.887429,-0.636717609745417,0.1589365991338575,0.4703963222026036,0.0003901648622619758,0.00011918032916324392,COMPLETE
95,165.55,2026-02-03 15:19:09.569759,2026-02-03 15:21:55.153021,0 days 00:02:45.583262,-0.5732701583046742,0.14605541879642567,0.4616312277686756,0.0001530655866583477,0.00010597258762087552,COMPLETE
96,143.5,2026-02-03 15:21:55.156252,2026-02-03 15:24:42.921057,0 days 00:02:47.764805,-0.7450816625152006,0.12363442111606894,0.44041546174149626,0.0004537665948215641,0.0001243362822898791,COMPLETE
97,94.5,2026-02-03 15:24:42.924713,2026-02-03 15:27:25.310623,0 days 00:02:42.385910,-0.5923610761694067,0.15201904540666084,0.49343668890782255,0.0003373707111641767,0.00011448134703541157,COMPLETE
98,149.64999999999998,2026-02-03 15:27:25.314030,2026-02-03 15:30:10.405944,0 days 00:02:45.091914,-0.7024269115289988,0.13796764478419893,0.4777173562813633,0.0004145793085915002,0.00011469566467867263,COMPLETE
99,135.75,2026-02-03 15:30:10.421115,2026-02-03 15:32:53.423287,0 days 00:02:43.002172,-0.37785993520147537,0.13511946630790667,0.455125284253028,0.0005874654121142736,0.00017764700366056929,COMPLETE
100,115.0,2026-02-03 15:32:53.426656,2026-02-03 15:35:37.588896,0 days 00:02:44.162240,-0.8437145013171389,0.14114688226232444,0.4713571098335193,0.000938787204826688,0.00019708500345766298,COMPLETE
101,132.0,2026-02-03 15:35:37.592252,2026-02-03 15:38:18.283890,0 days 00:02:40.691638,-0.6511984785067662,0.13143989689987318,0.46482226667554,0.000496339605863872,0.0001592631499835365,COMPLETE
102,151.6,2026-02-03 15:38:18.287084,2026-02-03 15:40:59.166827,0 days 00:02:40.879743,-0.5630802125748787,0.14878785064962177,0.4847358590944177,0.0008279677599133095,0.0001033581399088068,COMPLETE
103,162.45,2026-02-03 15:40:59.170165,2026-02-03 15:43:37.591234,0 days 00:02:38.421069,-0.28176553487059974,0.15636830501019497,0.4872227245551647,0.0005389786137875793,0.00010504504190232584,COMPLETE
104,160.89999999999998,2026-02-03 15:43:37.594609,2026-02-03 15:46:17.823962,0 days 00:02:40.229353,-0.6114076546781999,0.1467819708997716,0.48193875337881364,0.0006449528610701379,0.00010304557170545182,COMPLETE
105,138.7,2026-02-03 15:46:17.827343,2026-02-03 15:48:53.115325,0 days 00:02:35.287982,-0.5297007202450656,0.15046360608282502,0.3722929696777314,0.0006016353169300397,0.0001653748316691257,COMPLETE
106,104.85,2026-02-03 15:48:53.118709,2026-02-03 15:51:33.537332,0 days 00:02:40.418623,-0.48286554897432993,0.16172014817726826,0.4697940707921757,0.00028510537316706893,0.00015163311461458188,COMPLETE
107,129.5,2026-02-03 15:51:33.541326,2026-02-03 15:54:08.651146,0 days 00:02:35.109820,-0.5813356164414603,0.14349261004603697,0.47567005662342443,0.0004602442444918531,0.00013651725537759272,COMPLETE
108,144.35,2026-02-03 15:54:08.654414,2026-02-03 15:56:42.961249,0 days 00:02:34.306835,-0.45551849750054585,0.12760709348636143,0.4571877195857158,0.0007814383479769864,0.00014492961581747085,COMPLETE
109,130.55,2026-02-03 18:23:06.811247,2026-02-03 18:25:30.829194,0 days 00:02:24.017947,-0.5425954908610677,0.14152207666148942,0.4677635229452614,0.0008908593302937031,9.419233964050994e-05,COMPLETE
110,157.7,2026-02-03 18:25:30.834010,2026-02-03 18:27:50.839500,0 days 00:02:20.005490,-0.6015063955563464,0.13970088749589527,0.4636030360920364,0.0005124836747533011,0.00010064887040347949,COMPLETE
111,105.6,2026-02-03 18:27:50.842947,2026-02-03 18:30:13.980647,0 days 00:02:23.137700,-0.10205512713055137,0.14057028925489046,0.47302175569923677,0.0005511647974486774,9.707426681518847e-05,COMPLETE
112,112.4,2026-02-03 18:30:13.984312,2026-02-03 18:32:36.436875,0 days 00:02:22.452563,-0.33810516563653725,0.13336258846694113,0.4257420413048463,0.0009631377920721011,0.00010065789328986055,COMPLETE
113,119.75,2026-02-03 18:32:36.440516,2026-02-03 18:35:15.639558,0 days 00:02:39.199042,-0.6197245760444373,0.13195499889631074,0.4630885782953958,0.0009627428604468616,9.569674776581301e-05,COMPLETE
114,138.45,2026-02-03 18:35:15.643478,2026-02-03 18:37:53.505296,0 days 00:02:37.861818,-0.5555366309738882,0.13816257411192218,0.46876327346184365,0.0009310426114534746,0.00014179158386044843,COMPLETE
115,162.65,2026-02-03 18:37:53.509324,2026-02-03 18:40:26.877791,0 days 00:02:33.368467,-0.21996609105169926,0.13722915725780388,0.47261666286255793,0.0008377084818744954,9.301115798170268e-05,COMPLETE
116,120.6,2026-02-03 18:40:26.882006,2026-02-03 18:42:54.226857,0 days 00:02:27.344851,-0.6740596013377715,0.13920783291555872,0.4662762557505445,0.0004789423086768962,0.00012759903391634095,COMPLETE
117,129.14999999999998,2026-02-03 18:42:54.231112,2026-02-03 18:45:22.769122,0 days 00:02:28.538010,-0.5868526046167416,0.13609513881432012,0.41791361370949487,0.0009828683907020903,9.86960880489691e-05,COMPLETE
118,107.65,2026-02-03 18:45:22.773705,2026-02-03 18:47:50.791488,0 days 00:02:28.017783,-0.5693626479498219,0.13851669678435904,0.4759838513088771,0.0009185909560313423,0.0001205032524201153,COMPLETE
119,141.60000000000002,2026-02-03 18:47:50.795313,2026-02-03 18:50:19.123656,0 days 00:02:28.328343,-0.6365717985273397,0.14030792401545608,0.47945161894811517,0.0008805533196147037,0.00011000199399611509,COMPLETE
120,157.8,2026-02-03 18:50:19.127399,2026-02-03 18:52:46.323756,0 days 00:02:27.196357,-0.5089297937603913,0.14275941285447,0.41187123985304597,0.0009092308130352307,0.0001473947718806679,COMPLETE
121,111.4,2026-02-03 18:52:46.327541,2026-02-03 18:55:13.465265,0 days 00:02:27.137724,-0.6496599795829887,0.13213180438958327,0.46298495454203664,0.0005741428521670375,9.245565235219362e-05,COMPLETE
122,155.89999999999998,2026-02-03 18:55:13.469231,2026-02-03 18:57:43.365942,0 days 00:02:29.896711,-0.571802139665836,0.14535174169100917,0.468860335573603,0.0009409466699255394,0.0001124292078872168,COMPLETE
123,121.1,2026-02-03 18:57:43.369791,2026-02-03 19:00:17.188910,0 days 00:02:33.819119,-0.5407830171946498,0.1475281489607414,0.4625039865395484,0.000965552129632383,0.0001067954663267135,COMPLETE
124,177.2,2026-02-03 19:00:17.192503,2026-02-03 19:02:50.659880,0 days 00:02:33.467377,-0.5938149144266589,0.1455566643997544,0.4329189687807409,0.0008567812025599313,9.913385146155292e-05,COMPLETE
125,166.55,2026-02-03 19:02:50.664078,2026-02-03 19:05:26.362924,0 days 00:02:35.698846,-0.5893956198749527,0.14357734923290166,0.44717571013212387,0.0008275094436948664,9.966366314303184e-05,COMPLETE
126,133.25,2026-02-03 19:05:26.366848,2026-02-03 19:08:01.533883,0 days 00:02:35.167035,-0.5978592255584009,0.14394614417548002,0.44603525869301835,0.0008318392020427001,0.00010093266089013322,COMPLETE
127,127.45,2026-02-03 19:08:01.537179,2026-02-03 19:10:28.499308,0 days 00:02:26.962129,-0.5237935813409227,0.1416926583497948,0.45208577374499503,0.0008604484531650902,9.835628326330332e-05,COMPLETE
128,158.5,2026-02-03 19:10:28.503104,2026-02-03 19:12:58.441713,0 days 00:02:29.938609,-0.5593967106251319,0.1449463566860036,0.447685069939247,0.000763717830030174,9.665507527377235e-05,COMPLETE
129,125.8,2026-02-03 19:12:58.444910,2026-02-03 19:15:29.495653,0 days 00:02:31.050743,-0.6178724254185087,0.14333308447528376,0.45705562206606376,0.0008185511402116804,0.00010817140145263365,COMPLETE
130,149.45,2026-02-03 19:15:29.499231,2026-02-03 19:18:02.179797,0 days 00:02:32.680566,-0.15918760946907523,0.14614016211720754,0.4345537925758091,0.0008020769077048868,9.938991250069437e-05,COMPLETE
131,157.05,2026-02-03 19:18:02.183145,2026-02-03 19:20:33.803909,0 days 00:02:31.620764,-0.5837798250857015,0.14717794450311156,0.43938465385617015,0.0008720123833607786,0.0001394754017401785,COMPLETE
132,93.75,2026-02-03 19:20:33.808161,2026-02-03 19:23:01.308251,0 days 00:02:27.500090,-0.6280042210942638,0.13141110122630406,0.44217038237702566,0.0008943931891456895,0.00010195841932078171,COMPLETE
133,143.4,2026-02-03 19:23:01.311956,2026-02-03 19:25:30.929215,0 days 00:02:29.617259,-0.5929498335249731,0.13313665159703872,0.43134985156256317,0.0008537134613550144,0.00011398737317068987,COMPLETE
134,156.39999999999998,2026-02-03 19:25:30.932769,2026-02-03 19:28:15.156859,0 days 00:02:44.224090,-0.6080789211687035,0.1341139058149067,0.4716629118152466,0.000362898069906395,0.00011644343527758453,COMPLETE
135,148.4,2026-02-03 19:28:15.161412,2026-02-03 19:31:27.474728,0 days 00:03:12.313316,-0.6988971046620516,0.1481586746806476,0.4485669129544272,0.0005432265908666508,0.00012275727426250973,COMPLETE
136,82.19999999999999,2026-02-03 19:31:27.478479,2026-02-03 19:35:13.696134,0 days 00:03:46.217655,-0.5510082607250486,0.13670867204652462,0.42336133743256277,0.0009230500757891345,0.00012932216787460223,COMPLETE
137,110.44999999999999,2026-02-03 19:35:13.700736,2026-02-03 19:38:57.559352,0 days 00:03:43.858616,-0.4954752981646592,0.13555862314836647,0.46572314277379023,0.0008810157036703225,9.745112797253097e-05,COMPLETE
138,170.35,2026-02-03 19:38:57.565081,2026-02-03 19:42:06.241324,0 days 00:03:08.676243,-0.6614987867655917,0.14556017867238713,0.47030247877447223,0.0007947157402584628,0.00014345082745537371,COMPLETE
139,128.1,2026-02-03 19:42:06.245366,2026-02-03 19:45:03.228599,0 days 00:02:56.983233,-0.7361854948843075,0.14558857160350763,0.47438837969116066,0.0006918413313714828,0.00014284212564887128,COMPLETE
140,106.35,2026-02-03 19:45:03.233416,2026-02-03 19:48:10.299020,0 days 00:03:07.065604,-0.5723665478550559,0.14415260912843522,0.46988660692550266,0.0007753326795356685,0.00014773471484788445,COMPLETE
141,122.5,2026-02-03 19:48:10.303308,2026-02-03 19:51:30.295608,0 days 00:03:19.992300,-0.5372566465158491,0.1427863584242125,0.47689213125912117,0.0006048514940354293,0.0001364753351014324,COMPLETE
142,125.19999999999999,2026-02-03 19:51:30.301740,2026-02-03 19:54:55.687140,0 days 00:03:25.385400,-0.6523997381148241,0.14684402070785668,0.43553005539758893,0.0005008609277346245,0.00014464067507398415,COMPLETE
143,178.1,2026-02-03 19:54:55.691090,2026-02-03 19:58:00.611845,0 days 00:03:04.920755,-0.6230657392184704,0.141119242699312,0.4679139207564504,0.0008410745650370838,9.378338068697437e-05,COMPLETE
144,115.35,2026-02-03 19:58:00.616118,2026-02-03 20:01:16.044557,0 days 00:03:15.428439,-0.6306057572793096,0.14124288828523315,0.46731380658913646,0.0007982584503384601,0.00010410199577283731,COMPLETE
145,139.75,2026-02-03 20:01:16.048629,2026-02-03 20:04:34.847077,0 days 00:03:18.798448,-0.602408884260204,0.13995453607656516,0.472604980008137,0.0008558471143143388,9.574393174928074e-05,COMPLETE
146,122.55,2026-02-03 20:04:34.852480,2026-02-03 20:07:53.199039,0 days 00:03:18.346559,-0.5852118035893313,0.14028549683296054,0.46456956385553594,0.0008268836243799648,0.00014557767929977407,COMPLETE
147,169.85000000000002,2026-02-03 20:07:53.203720,2026-02-03 20:11:29.197456,0 days 00:03:35.993736,-0.613069171836242,0.13919940137093306,0.469107538929739,0.0007284829957720497,0.0001025151481691132,COMPLETE
148,136.4,2026-02-03 20:11:29.203277,2026-02-03 20:14:48.081145,0 days 00:03:18.877868,-0.6183725468533366,0.13919347712069824,0.4692475343002047,0.0006426124742994475,9.228281565938892e-05,COMPLETE
149,147.75,2026-02-03 20:14:48.086543,2026-02-03 20:18:07.646475,0 days 00:03:19.559932,-0.3124299959875553,0.13867394768578736,0.4738673106651674,0.0007244049085479633,0.0001015688682910436,COMPLETE
150,90.65,2026-02-03 20:18:07.650894,2026-02-03 20:21:30.975963,0 days 00:03:23.325069,-0.6596621474658939,0.13934336937825828,0.4803438308517177,0.0007404714462303526,0.00014753262118495482,COMPLETE
151,136.25,2026-02-03 20:21:30.979543,2026-02-03 20:24:45.420625,0 days 00:03:14.441082,-0.5556245464055604,0.14096944916400517,0.4712195719308657,0.0007641495344113242,0.00010219354458847737,COMPLETE
152,117.69999999999999,2026-02-03 20:24:45.424085,2026-02-03 20:27:14.586616,0 days 00:02:29.162531,-0.5964850588125942,0.1418563083240284,0.4692707556871385,0.0007957252219404353,9.802755535545425e-05,COMPLETE
153,113.1,2026-02-03 20:27:14.590970,2026-02-03 20:29:46.829501,0 days 00:02:32.238531,-0.6410923513410268,0.13970692059648562,0.46746147932278215,0.0008238258259179905,0.00010019616758763115,COMPLETE
154,115.6,2026-02-03 20:29:46.833158,2026-02-03 20:32:51.780307,0 days 00:03:04.947149,-0.5768475291433457,0.14456032978051814,0.4647409055689139,0.0008487424920514434,0.00010469397170661015,COMPLETE
155,130.14999999999998,2026-02-03 20:32:51.785181,2026-02-03 20:36:35.210668,0 days 00:03:43.425487,-0.7605974263226206,0.1432460343993113,0.4962152344903903,0.0008994643013418599,9.992640618671097e-05,COMPLETE
156,90.2,2026-02-03 20:36:35.217045,2026-02-03 20:40:25.684671,0 days 00:03:50.467626,-0.6097408691921741,0.145568831874956,0.4712268112653009,0.00043953347959705275,9.917481975770197e-05,COMPLETE
157,122.55,2026-02-03 20:40:25.690296,2026-02-03 20:44:03.717657,0 days 00:03:38.027361,-0.5627560935176473,0.14019016790494418,0.4776883038464925,0.0005200234299223927,0.00013244721314361363,COMPLETE
158,128.85000000000002,2026-02-03 20:44:03.722635,2026-02-03 20:47:25.044045,0 days 00:03:21.321410,-0.5897514328396384,0.1372111286187352,0.4662015864789094,0.0008195408763406748,9.411678131059422e-05,COMPLETE
159,-inf,2026-02-04 16:49:08.369736,2026-02-04 16:49:14.669286,0 days 00:00:06.299550,-0.5197707262423887,0.1480124246375077,0.45780812507924373,0.0007878165308972582,0.00013773326783463827,COMPLETE
160,118.6,2026-02-04 21:05:16.547403,2026-02-04 21:07:22.419246,0 days 00:02:05.871843,-0.43838680437568894,0.0009802044997374582,0.550805829074914,0.0010463677741898174,0.0001406360984158941,COMPLETE
