number,value,datetime_start,datetime_complete,duration,params_ENT_COEF,params_LEARNING_RATE,params_PENALTY_STAGNATION_FORCE,params_REWARD_DISTANCE_DIFF_SCALE,params_REWARD_SURVIVAL_SCALE,state
0,126.1,2026-02-06 20:44:30.680787,2026-02-06 20:46:12.007082,0 days 00:01:41.326295,0.0028164224571637733,1.9592115852729138e-05,-4.752732778115146,,3.1454044258264093,COMPLETE
1,132.16,2026-02-06 20:46:12.014603,2026-02-06 20:47:47.600835,0 days 00:01:35.586232,0.0006656718532850296,3.792185927173737e-05,-3.3653946915920208,,1.4893269748842757,COMPLETE
2,138.82,2026-02-06 20:47:47.604859,2026-02-06 20:49:23.887199,0 days 00:01:36.282340,0.00043844845072244697,4.7645123976529227e-05,-1.5282994810346793,,5.329871624849409,COMPLETE
3,131.4,2026-02-06 20:49:23.890876,2026-02-06 20:50:59.603731,0 days 00:01:35.712855,0.009649592742462933,0.0001879841663652801,-3.9380671651262684,,7.937151823036168,COMPLETE
4,136.18,2026-02-06 20:50:59.606846,2026-02-06 20:52:36.106026,0 days 00:01:36.499180,0.0002203660874844314,0.00011480228944059176,-3.234965503958803,,5.043017732810038,COMPLETE
5,157.1,2026-02-06 20:52:36.109053,2026-02-06 20:54:13.454756,0 days 00:01:37.345703,8.743739859758232e-05,0.00048501082775358824,-1.7194105348987463,,1.29127560264504,COMPLETE
6,138.2,2026-02-06 20:54:13.458968,2026-02-06 20:55:48.572326,0 days 00:01:35.113358,0.00011821168689852936,7.7212126054978e-05,-0.5460363152364623,,2.8946798543324888,COMPLETE
7,99.78,2026-02-06 20:55:48.575509,2026-02-06 20:57:24.753516,0 days 00:01:36.178007,6.139154061334392e-05,0.0001759292864850385,-1.247597936540056,,5.458101891680042,COMPLETE
8,139.26,2026-02-06 20:57:24.756502,2026-02-06 20:59:03.839403,0 days 00:01:39.082901,0.006682510532936818,0.00037511236255396405,-4.826984692261429,,6.8987557061347795,COMPLETE
9,117.22,2026-02-06 20:59:03.842447,2026-02-06 21:00:38.837562,0 days 00:01:34.995115,0.00022278990119204044,9.019291024828252e-05,-1.3599476766411842,,5.347490193260146,COMPLETE
10,144.57999999999998,2026-02-06 21:00:38.840750,2026-02-06 21:02:15.187011,0 days 00:01:36.346261,1.211298390743648e-05,0.0009552402030539928,-2.487042155889958,,0.16377156415408556,COMPLETE
11,,2026-02-06 21:02:15.190403,2026-02-06 21:02:23.838359,0 days 00:00:08.647956,1.0945895995993636e-05,0.0008871771980722358,-2.3238763442169303,,0.18685633639908178,FAIL
12,130.92000000000002,2026-02-06 21:03:21.096032,2026-02-06 21:05:01.662605,0 days 00:01:40.566573,1.0457147297709723e-05,0.0009928182413622417,-2.3237352836451435,,0.29764863515919227,COMPLETE
13,142.35999999999999,2026-02-06 21:05:01.668297,2026-02-06 21:06:42.804009,0 days 00:01:41.135712,1.6773220809020343e-05,0.0009358768503233748,-2.3038999983288675,,0.2838678641319557,COMPLETE
14,137.67999999999998,2026-02-06 21:06:42.807097,2026-02-06 21:08:22.188205,0 days 00:01:39.381108,3.1767251605567994e-05,0.00044533339421324474,-1.9507440526759896,,9.704258094776236,COMPLETE
15,127.88,2026-02-06 21:08:22.191385,2026-02-06 21:09:59.638194,0 days 00:01:37.446809,4.1790333784514274e-05,0.0004648036364325434,-2.923871183201551,,2.0460927809854312,COMPLETE
16,125.8,2026-02-06 21:09:59.641230,2026-02-06 21:11:39.862281,0 days 00:01:40.221051,0.0011997405561649107,0.0006453488065465851,-0.5312532741697269,,1.4785555365954313,COMPLETE
17,124.98000000000002,2026-02-06 21:11:39.865547,2026-02-06 21:13:18.183990,0 days 00:01:38.318443,7.654548059004383e-05,0.00026342537666308426,-3.9408832280626678,,3.5801888442480774,COMPLETE
18,140.34,2026-02-06 21:13:18.187688,2026-02-06 21:14:55.574210,0 days 00:01:37.386522,2.234776041313982e-05,0.0006628693401696662,-1.7431722063852695,,0.17183103626852314,COMPLETE
19,118.12,2026-02-06 21:14:55.577251,2026-02-06 21:16:34.139408,0 days 00:01:38.562157,0.00012141560002832519,0.00029133629088392996,-0.9455487353760584,,2.0649575121231734,COMPLETE
20,154.1,2026-02-06 21:16:34.142565,2026-02-06 21:18:11.479528,0 days 00:01:37.336963,1.0694711247219869e-05,0.0005952383789631232,-2.6082181334874286,,3.9265312444007634,COMPLETE
21,108.19999999999997,2026-02-06 21:18:11.482638,2026-02-06 21:19:42.374565,0 days 00:01:30.891927,0.0011464450561950068,1.152330405209115e-05,-0.10015722140959804,,3.9665859532868577,COMPLETE
22,129.92,2026-02-06 21:19:42.377719,2026-02-06 21:21:07.109461,0 days 00:01:24.731742,1.081422951713695e-05,0.0006204511561458857,-2.6975388552671458,,1.356582220956982,COMPLETE
23,121.5,2026-02-06 21:21:07.112552,2026-02-06 21:22:47.099364,0 days 00:01:39.986812,2.0949586764142217e-05,0.0008783276256521035,-2.020635944784344,,4.111031465179666,COMPLETE
24,110.3,2026-02-06 21:22:47.102878,2026-02-06 21:24:13.897918,0 days 00:01:26.795040,4.0621993816070816e-05,0.0002928474908584563,-2.9678811361728834,,2.5029570870186477,COMPLETE
25,122.73999999999998,2026-02-06 21:24:13.901311,2026-02-06 21:25:36.774111,0 days 00:01:22.872800,1.0427697668955765e-05,0.0005343107280184013,-2.431387178174945,,1.1059600274071315,COMPLETE
26,120.41999999999999,2026-02-06 21:25:36.777044,2026-02-06 21:26:58.824524,0 days 00:01:22.047480,7.352674375060855e-05,0.00015005015689203584,-3.668185964893467,,0.8576021630104196,COMPLETE
27,126.12,2026-02-06 21:26:58.827480,2026-02-06 21:28:20.884161,0 days 00:01:22.056681,1.7762664452418966e-05,0.0003755083490825396,-2.158196207979167,,7.142049934056829,COMPLETE
28,143.96,2026-02-06 21:28:20.887282,2026-02-06 21:29:42.269167,0 days 00:01:21.381885,0.00013873972341723885,0.0007463863244745315,-2.723706621666552,,4.71615668378722,COMPLETE
29,102.55999999999999,2026-02-06 21:29:42.272285,2026-02-06 21:31:08.050938,0 days 00:01:25.778653,3.0890553518101766e-05,0.0002157310234232295,-1.793544443262884,,6.232942795627275,COMPLETE
30,135.57999999999998,2026-02-06 21:31:08.054463,2026-02-06 21:32:29.213116,0 days 00:01:21.158653,5.380366050966052e-05,2.685788172370907e-05,-4.2068625423741395,,3.218660932163324,COMPLETE
31,110.02000000000001,2026-02-06 21:32:29.216307,2026-02-06 21:33:53.505281,0 days 00:01:24.288974,0.0029795289132580937,0.00040911792347261844,-3.2544900015251828,,2.2975435727617928,COMPLETE
32,127.97999999999999,2026-02-06 21:33:53.508215,2026-02-06 21:35:15.906660,0 days 00:01:22.398445,0.0001541001236211569,0.0007432886547178635,-2.6334653384143167,,4.50374936891029,COMPLETE
33,132.0,2026-02-06 21:35:15.909703,2026-02-06 21:36:40.792783,0 days 00:01:24.883080,0.0003095600799617567,0.000761929069410846,-2.7546995319275385,,4.548069823930224,COMPLETE
34,130.6,2026-02-06 21:36:40.795919,2026-02-06 21:38:11.134021,0 days 00:01:30.338102,0.0006161659978325908,0.0005101872351406213,-3.5170530690442225,,6.177709181555181,COMPLETE
35,118.78,2026-02-06 21:38:11.136980,2026-02-06 21:39:36.292320,0 days 00:01:25.155340,8.916727434650457e-05,5.685064450218424e-05,-1.5961406254475745,,0.7500774217329609,COMPLETE
36,130.86,2026-02-06 21:39:36.295419,2026-02-06 21:41:06.017821,0 days 00:01:29.722402,0.0003922686682464169,0.0009796419588484508,-3.013093571123078,,8.647522577918311,COMPLETE
37,125.66,2026-02-06 21:41:06.021033,2026-02-06 21:42:32.244765,0 days 00:01:26.223732,0.00017306266923478443,0.0005694346197100224,-4.403314018061499,,2.8833483678617253,COMPLETE
38,131.68,2026-02-06 21:42:32.247999,2026-02-06 21:44:00.647657,0 days 00:01:28.399658,2.89215338446578e-05,0.00032865701054789464,-1.2194394604903969,,1.8547184069650626,COMPLETE
39,113.88000000000002,2026-02-06 21:44:00.650686,2026-02-06 21:45:25.268914,0 days 00:01:24.618228,1.5669245976829578e-05,0.0001335792985702074,-2.518849331309152,,6.035829730540464,COMPLETE
40,130.66000000000003,2026-02-06 21:45:25.271961,2026-02-06 21:46:53.239236,0 days 00:01:27.967275,0.000102882181499345,0.0007076634047951446,-2.101711043225646,,3.540410855042964,COMPLETE
41,143.9,2026-02-06 21:46:53.242345,2026-02-06 21:48:21.115132,0 days 00:01:27.872787,4.928540791676313e-05,0.0001964325195573384,-3.1190327086133363,,4.71260107008591,COMPLETE
42,132.78,2026-02-06 22:47:16.194030,2026-02-06 22:48:42.335150,0 days 00:01:26.141120,0.000155772589551389,0.0004333994355399705,-3.1516754885358447,6.148593405650636,5.0487043825447,COMPLETE
43,126.2,2026-02-06 22:48:42.360291,2026-02-06 22:50:03.853763,0 days 00:01:21.493472,5.405839949922359e-05,0.00039200369753928114,-3.412191756816885,0.5888938021720325,4.57393911596775,COMPLETE
44,125.92,2026-02-06 22:50:03.856980,2026-02-06 22:51:24.650649,0 days 00:01:20.793669,1.39273697060582e-05,0.0004480170131484899,-3.6821991670865355,9.868849157367812,5.537013625889944,COMPLETE
45,127.8,2026-02-06 22:51:24.654106,2026-02-06 22:52:43.914293,0 days 00:01:19.260187,0.000289463090836155,0.0002198069665789321,-2.784612234039289,0.7784066446923532,3.964778074160888,COMPLETE
46,105.08,2026-02-06 22:52:43.917764,2026-02-06 22:54:02.957458,0 days 00:01:19.039694,2.4807135132771775e-05,0.0003379374062641878,-2.3070273181182186,5.009875284931468,5.684225069371056,COMPLETE
47,121.67999999999999,2026-02-06 22:54:02.960730,2026-02-06 22:55:22.315607,0 days 00:01:19.354877,4.013269755924527e-05,9.657693861697732e-05,-3.102495343726016,9.53030992682368,6.960595454287151,COMPLETE
48,126.47999999999999,2026-02-06 22:55:22.318752,2026-02-06 22:56:44.554066,0 days 00:01:22.235314,1.2573675670323366e-05,0.0004531745062428068,-1.8556801276680863,3.809618774575177,2.745593579779052,COMPLETE
49,135.98,2026-02-06 22:56:44.557490,2026-02-06 22:58:07.592298,0 days 00:01:23.034808,6.457905644321144e-05,0.0003462093991355587,-1.5367095514393807,7.518680367346091,1.7603125500880865,COMPLETE
50,110.46,2026-02-06 22:58:07.595332,2026-02-06 22:59:30.720162,0 days 00:01:23.124830,0.0001275873889559083,0.00042040494933404555,-2.5335796097052414,3.0787987147801714,4.85246357736972,COMPLETE
51,129.16000000000003,2026-02-06 22:59:30.723713,2026-02-06 23:00:57.758576,0 days 00:01:27.034863,4.266433936239797e-05,0.0004679871610497226,-0.8998835458820289,7.648803839563039,3.494905173379668,COMPLETE
52,124.08,2026-02-06 23:00:57.762054,2026-02-06 23:02:20.662141,0 days 00:01:22.900087,1.8794713843947498e-05,0.00046594181773221575,-2.2252433291423412,2.6969817435268317,0.8099725858547304,COMPLETE
53,123.94000000000001,2026-02-06 23:02:20.665159,2026-02-06 23:03:41.867963,0 days 00:01:21.202804,1.4163901415397032e-05,0.00046561600552283135,-2.874068289098672,7.978846092581409,1.3097405197628678,COMPLETE
54,134.7,2026-02-06 23:03:41.871041,2026-02-06 23:05:02.886765,0 days 00:01:21.015724,2.415509021712935e-05,0.00046681227986935424,-2.3644485322486584,5.234099803642944,0.89568808128932,COMPLETE
55,129.83999999999997,2026-02-06 23:05:02.890157,2026-02-06 23:06:23.735165,0 days 00:01:20.845008,1.7592024189050103e-05,0.0004096483026335105,-1.9472889484144897,1.9946551366219425,1.5809260589171041,COMPLETE
56,110.8,2026-02-06 23:06:23.738276,2026-02-06 23:07:44.828419,0 days 00:01:21.090143,1.0340246895545723e-05,0.00023960223912472615,-2.631689442573386,6.702325717976158,0.6155650957776235,COMPLETE
57,140.5,2026-02-06 23:07:44.832295,2026-02-06 23:09:05.941338,0 days 00:01:21.109043,8.919749808306358e-05,0.0001800896299380886,-2.1415185983621923,4.048942226298776,1.1288214201668896,COMPLETE
58,121.56000000000002,2026-02-06 23:09:05.944392,2026-02-06 23:10:27.061331,0 days 00:01:21.116939,3.3897831202301545e-05,0.00015803346240019932,-1.7012982699926735,8.65545828500343,7.805222392369258,COMPLETE
59,104.94000000000001,2026-02-06 23:10:27.064334,2026-02-06 23:11:48.477781,0 days 00:01:21.413447,0.0002286502405659209,0.0004721694679589245,-1.3153739529648967,6.368858730780958,4.18590128565087,COMPLETE
60,146.86,2026-02-06 23:11:48.481031,2026-02-06 23:13:10.299292,0 days 00:01:21.818261,1.3666853856451272e-05,0.0003759877152537727,-3.336957996174154,1.9404941942180756,2.415065210687211,COMPLETE
61,125.58,2026-02-06 23:13:10.302474,2026-02-06 23:14:32.427186,0 days 00:01:22.124712,1.3023765273535797e-05,0.0003643179757783908,-3.252884137463936,1.5174889900105104,2.2739236225025983,COMPLETE
62,143.32,2026-02-06 23:14:32.430373,2026-02-06 23:15:54.253393,0 days 00:01:21.823020,2.0247298853018495e-05,0.0003092986825431741,-2.8590879659699953,4.236311268367466,1.1877502090762146,COMPLETE
63,120.01999999999998,2026-02-06 23:15:54.256706,2026-02-06 23:17:20.731270,0 days 00:01:26.474564,1.2242889098316445e-05,0.0003106508162384852,-3.6325571335230684,4.671219585777537,1.6990859544648824,COMPLETE
64,130.18,2026-02-06 23:17:20.734342,2026-02-06 23:18:42.857401,0 days 00:01:22.123059,2.1260965746313702e-05,0.00027394823096836465,-3.9068206290998555,3.0157700101254656,3.272027052409313,COMPLETE
65,129.32,2026-02-06 23:18:42.860541,2026-02-06 23:20:05.662001,0 days 00:01:22.801460,2.730624942114804e-05,0.00038453541372146424,-2.90779785272479,1.9455626489243785,2.429367089927155,COMPLETE
66,107.96,2026-02-06 23:20:05.665631,2026-02-06 23:21:27.841777,0 days 00:01:22.176146,5.2182737908515686e-05,0.00042761960438976156,-3.3271795661309076,3.824615392871877,2.0127798297667576,COMPLETE
67,122.38000000000002,2026-02-06 23:21:27.845012,2026-02-06 23:22:50.481450,0 days 00:01:22.636438,1.9967079770448555e-05,0.000250367509467726,-3.0737583485665856,2.4004849766767093,3.808737774201491,COMPLETE
68,141.21999999999997,2026-02-06 23:22:50.484664,2026-02-06 23:24:13.280967,0 days 00:01:22.796303,3.5423652035518504e-05,0.00019905352136014677,-2.790020323146284,5.777735981413438,5.078916827248704,COMPLETE
69,128.7,2026-02-06 23:24:13.284242,2026-02-06 23:25:36.072035,0 days 00:01:22.787793,7.457534456335061e-05,0.0004825324801887996,-3.460220154753564,4.487267332000612,1.2228507662630799,COMPLETE
70,130.76,2026-02-06 23:25:36.075192,2026-02-06 23:27:03.499838,0 days 00:01:27.424646,1.5680237889736036e-05,0.00012114779577495164,-3.8455600852787883,1.1741867588519357,2.673678592457824,COMPLETE
71,154.94,2026-02-06 23:27:03.503242,2026-02-06 23:28:25.738849,0 days 00:01:22.235607,1.0235500888698776e-05,0.00040604615922790497,-2.4276996087145672,5.770909853964669,3.0708212907332326,COMPLETE
72,111.16,2026-02-07 00:01:03.626505,2026-02-07 00:02:26.663006,0 days 00:01:23.036501,1.0851428719371578e-05,0.0003149896866569306,-2.542652760946315,6.018236264070923,3.1188341817441176,COMPLETE
73,103.4,2026-02-07 00:02:26.667511,2026-02-07 00:03:43.999023,0 days 00:01:17.331512,1.5615261018553036e-05,0.00035733381539715197,-2.4275634526466034,6.890687055230328,4.255550417343527,COMPLETE
74,142.38000000000002,2026-02-07 00:03:44.002225,2026-02-07 00:05:02.052688,0 days 00:01:18.050463,1.0187257894707018e-05,0.0003899576743512569,-2.683803963311693,3.385100594491868,4.779068286933384,COMPLETE
75,149.14,2026-02-07 00:05:02.055899,2026-02-07 00:06:20.334613,0 days 00:01:18.278714,1.2385457556494943e-05,0.00042990084356620516,-3.198705367107901,5.855738750899635,0.6322968761507444,COMPLETE
76,122.62,2026-02-07 00:06:20.338170,2026-02-07 00:07:39.433752,0 days 00:01:19.095582,0.00018739879379588202,0.00043178194106802755,-2.954421373777304,5.540022206974398,0.6250813072904111,COMPLETE
77,127.4,2026-02-07 00:07:39.436898,2026-02-07 00:08:58.417869,0 days 00:01:18.980971,0.00013290971241987403,0.00048453229990717616,-3.173670347335023,4.963329601510167,3.8035458911714866,COMPLETE
78,133.48,2026-02-07 00:08:58.421038,2026-02-07 00:10:17.417520,0 days 00:01:18.996482,1.3210881855958591e-05,0.0004173280111730782,-3.586037097298595,7.088756494501473,2.9814193912165505,COMPLETE
79,132.32,2026-02-07 00:10:17.420648,2026-02-07 00:11:36.394286,0 days 00:01:18.973638,9.731771936834311e-05,0.00043767853149757945,-4.9835381375814825,6.371538410029621,4.369232143710647,COMPLETE
80,117.04,2026-02-07 00:11:36.397490,2026-02-07 00:12:55.392554,0 days 00:01:18.995064,1.1458620270127101e-05,0.00048399615515657687,-2.014526402919825,8.237247702538209,3.3765685155464213,COMPLETE
81,112.7,2026-02-07 00:12:55.395806,2026-02-07 00:14:14.580413,0 days 00:01:19.184607,1.5726853579328423e-05,0.00038976722596214516,-3.327703449484689,8.884653409837126,1.4776643021391258,COMPLETE
82,133.62,2026-02-07 00:14:14.583948,2026-02-07 00:15:34.429737,0 days 00:01:19.845789,1.987163912206887e-05,0.00040634803368244285,-2.8713999593535053,4.458850426287257,0.9765005633705667,COMPLETE
83,117.85999999999999,2026-02-07 00:15:34.432949,2026-02-07 00:16:57.929974,0 days 00:01:23.497025,2.4169876851712525e-05,0.00029493900743800787,-3.0087469023132027,0.6285483931548503,0.5616437263944588,COMPLETE
84,119.92,2026-02-07 00:16:57.933180,2026-02-07 00:18:17.722753,0 days 00:01:19.789573,1.3453818224961187e-05,0.0003627360231952206,-2.6935874517095364,5.603092991914034,2.092701641723322,COMPLETE
85,114.2,2026-02-07 00:18:17.725854,2026-02-07 00:19:37.601822,0 days 00:01:19.875968,1.798173788858057e-05,0.0004854906428850563,-4.116024778492875,3.357140667891905,1.3402444220421335,COMPLETE
86,123.96,2026-02-07 00:19:37.604981,2026-02-07 00:20:57.892387,0 days 00:01:20.287406,2.8270277036296954e-05,0.00044787303647382374,-2.233299027264814,5.08827852649268,1.0072635713466849,COMPLETE
87,113.75999999999999,2026-02-07 00:20:57.895747,2026-02-07 00:22:17.525995,0 days 00:01:19.630248,1.1775714146570464e-05,0.0003382070858376457,-2.4214584066837634,7.4607071138936645,9.571763701783599,COMPLETE
88,126.96,2026-02-07 00:22:17.529188,2026-02-07 00:23:37.445252,0 days 00:01:19.916064,1.0031122026441368e-05,0.00048582852760382505,-3.1566358038635935,4.143509916551658,3.7447400790393353,COMPLETE
89,120.38,2026-02-07 00:23:37.448412,2026-02-07 00:24:57.099891,0 days 00:01:19.651479,0.00011285316096495489,0.00044743306552319604,-2.827095838206936,2.4872590192971553,4.7697480890630475,COMPLETE
90,142.95999999999998,2026-02-07 00:24:57.103116,2026-02-07 00:26:17.917600,0 days 00:01:20.814484,4.8150368673894525e-05,0.0003712079141401176,-1.09962237693909,1.1385511919410742,1.8568993319629494,COMPLETE
91,102.84,2026-02-07 00:26:17.920873,2026-02-07 00:27:37.991784,0 days 00:01:20.070911,1.4995372735089255e-05,9.578010389924379e-05,-0.622127240866774,6.27049128365282,5.83038201455577,COMPLETE
92,155.97999999999996,2026-02-07 00:27:38.006061,2026-02-07 00:28:59.060375,0 days 00:01:21.054314,4.537171945811624e-05,0.0003195903334276004,-1.0735725936472653,1.6237584149246198,5.329026374287137,COMPLETE
93,153.38000000000002,2026-02-07 00:28:59.063435,2026-02-07 00:30:19.381675,0 days 00:01:20.318240,6.156323485457541e-05,0.00032065486644380556,-0.3544661727369167,1.945842203329498,5.412584839114617,COMPLETE
94,131.2,2026-02-07 00:30:19.384882,2026-02-07 00:31:40.810723,0 days 00:01:21.425841,6.593153826394245e-05,0.00026880013910419683,-0.13269323135744515,1.7534149112942805,5.2911948722990205,COMPLETE
95,130.26,2026-02-07 00:31:40.813786,2026-02-07 00:33:01.844564,0 days 00:01:21.030778,6.0327026709806276e-05,0.00032560227822233637,-0.252768027124894,1.1888622679520484,5.632042580740151,COMPLETE
96,120.02000000000001,2026-02-07 00:33:01.848071,2026-02-07 00:34:23.017977,0 days 00:01:21.169906,8.136005701878971e-05,0.0004020564613216807,-0.6745173537195432,2.2342111526190527,6.562227718508023,COMPLETE
97,124.8,2026-02-07 00:34:23.021042,2026-02-07 00:35:44.569857,0 days 00:01:21.548815,4.8683567711230864e-05,0.0001431671459837746,-0.7528575252198881,1.5148306202791797,5.390013172875914,COMPLETE
98,141.42,2026-02-07 00:35:44.573334,2026-02-07 00:37:05.769224,0 days 00:01:21.195890,3.756514272716885e-05,7.52574990088075e-05,-1.4626770417731363,2.871394333979202,4.9720536573694085,COMPLETE
99,126.72,2026-02-07 00:37:05.772411,2026-02-07 00:38:27.639786,0 days 00:01:21.867375,4.513772300518047e-05,0.000284350809180868,-0.3341612440379581,3.2929299676471153,5.158208299518071,COMPLETE
100,129.74,2026-02-07 00:38:27.642975,2026-02-07 00:39:49.178091,0 days 00:01:21.535116,0.00014306038418751703,0.00035328542860417776,-1.6638677984369816,0.9609595761243752,4.006818179616769,COMPLETE
101,131.64000000000001,2026-02-07 00:39:49.181540,2026-02-07 00:41:10.955714,0 days 00:01:21.774174,5.8379313401256415e-05,0.00022036439878599326,-0.44742583717624473,0.5124021643962886,4.589228735944353,COMPLETE
102,93.38,2026-02-07 01:19:54.441092,2026-02-07 01:21:17.720999,0 days 00:01:23.279907,1.7432920583384373e-05,0.0003371780101819171,-0.8901791885212263,1.5773252183179818,6.0366028260815074,COMPLETE
103,103.1,2026-02-07 01:21:17.725684,2026-02-07 01:22:36.243300,0 days 00:01:18.517616,2.2246902814731635e-05,0.00037872532466906453,-2.558448921970689,2.0482227056219995,0.781611502286789,COMPLETE
104,115.68000000000002,2026-02-07 01:22:36.246591,2026-02-07 01:23:55.142716,0 days 00:01:18.896125,6.874367248221526e-05,0.00029721503057917865,-3.2544576716563802,6.616186968181331,1.5864385693178735,COMPLETE
105,131.94,2026-02-07 01:23:55.145967,2026-02-07 01:25:13.715394,0 days 00:01:18.569427,3.151915114249414e-05,0.00031326470684905856,-3.050666607461113,2.578574939122268,0.5729699304459093,COMPLETE
106,136.0,2026-02-07 01:25:13.718854,2026-02-07 01:26:32.732111,0 days 00:01:19.013257,0.00010452027993397462,0.0002488764981051661,-1.1737264101850478,3.6947171876884686,2.706969981358444,COMPLETE
107,116.02000000000001,2026-02-07 01:26:32.735816,2026-02-07 01:27:52.140341,0 days 00:01:19.404525,1.1865176249472406e-05,0.0004512221138943399,-1.811228254800346,6.027788977460154,4.381363186332971,COMPLETE
108,122.93999999999998,2026-02-07 01:27:52.143614,2026-02-07 01:29:11.526875,0 days 00:01:19.383261,0.0024875751865158693,0.00041944575870030756,-3.4809545424902444,2.907359392190303,1.1174633550479443,COMPLETE
109,149.84,2026-02-07 01:29:11.530314,2026-02-07 01:30:31.140209,0 days 00:01:19.609895,8.916014770938378e-05,0.0004915298603023422,-2.61757561586228,5.342402847837529,6.410802964533019,COMPLETE
110,117.67999999999999,2026-02-07 01:30:31.143303,2026-02-07 01:31:50.523491,0 days 00:01:19.380188,8.298201849231495e-05,0.000462719710994259,-2.594853359167001,5.347094108416911,6.55177956076224,COMPLETE
111,127.8,2026-02-07 01:31:50.526755,2026-02-07 01:33:10.437178,0 days 00:01:19.910423,0.00017854862909563824,0.0004901958301230329,-2.3395476061061804,4.661324013640588,7.417021984715201,COMPLETE
112,123.58,2026-02-07 01:33:10.440719,2026-02-07 01:34:30.584052,0 days 00:01:20.143333,0.00011693188665450372,0.0004332256740890126,-2.7367424667933973,5.37822453850613,5.839763972123113,COMPLETE
113,125.55999999999999,2026-02-07 01:34:30.587720,2026-02-07 01:35:50.974953,0 days 00:01:20.387233,1.444945844281619e-05,0.00039278535806919033,-2.4453708482159286,5.7515073706301205,5.461556260077209,COMPLETE
114,128.52,2026-02-07 01:35:50.991011,2026-02-07 01:37:14.144461,0 days 00:01:23.153450,9.35980399004461e-05,0.0004913584856258866,-2.7928776735010503,4.148675172301484,6.5316438095418246,COMPLETE
115,117.84,2026-02-07 01:37:14.147920,2026-02-07 01:38:35.857449,0 days 00:01:21.709529,7.423928681989773e-05,0.00040766838325284675,-2.8932055106912355,5.043491711885051,2.4741446730239587,COMPLETE
116,132.5,2026-02-07 01:38:35.860722,2026-02-07 01:39:57.206465,0 days 00:01:21.345743,1.2654423911930176e-05,0.0001960247805129332,-3.780555892596642,7.215494845040242,0.7357671053275728,COMPLETE
117,179.56,2026-02-07 01:39:57.209557,2026-02-07 01:41:18.556870,0 days 00:01:21.347313,1.127876843868604e-05,0.00046200129323121494,-1.9140757662712107,6.611949442968877,5.232730151895996,COMPLETE
118,126.0,2026-02-07 01:41:18.560469,2026-02-07 01:42:40.595094,0 days 00:01:22.034625,1.0033998813563886e-05,0.0004665429262131539,-1.9289662284650344,7.752609029910723,4.711941475833333,COMPLETE
119,112.47999999999999,2026-02-07 01:42:40.598225,2026-02-07 01:44:02.604432,0 days 00:01:22.006207,1.68295489893811e-05,0.00043464699737082076,-2.082203972454115,6.564197519778862,5.237285869664969,COMPLETE
120,107.92,2026-02-07 01:44:02.607583,2026-02-07 01:45:24.872676,0 days 00:01:22.265093,1.1694906018698305e-05,0.00045200930235607774,-2.2141189545088698,5.975914467053065,4.9704051429737035,COMPLETE
121,110.08,2026-02-07 01:45:24.875815,2026-02-07 01:46:50.129685,0 days 00:01:25.253870,0.0001579754379383804,0.0004920435705700005,-1.0342915764335843,6.836049183344309,6.274110187523925,COMPLETE
122,136.14000000000001,2026-02-07 01:46:50.132973,2026-02-07 01:48:13.206308,0 days 00:01:23.073335,1.3648072082053892e-05,0.0003786767898416995,-3.378664240194581,5.758465596732825,5.7719591954349445,COMPLETE
123,133.94,2026-02-07 01:48:13.209481,2026-02-07 01:49:35.868861,0 days 00:01:22.659380,5.4330505258955575e-05,0.00032374423480776866,-2.460112498474265,9.859718700075593,4.388484637035006,COMPLETE
124,153.82,2026-02-07 01:49:35.871963,2026-02-07 01:50:58.486622,0 days 00:01:22.614659,1.9471147735972687e-05,0.00042123158257015113,-1.4078590781232545,4.948071525172378,4.130996085867009,COMPLETE
125,112.35999999999999,2026-02-07 01:50:58.489646,2026-02-07 01:52:20.683781,0 days 00:01:22.194135,1.1363311431983198e-05,0.0004168133611781369,-1.3461340255828813,4.793398168667016,3.5083987988966996,COMPLETE
126,126.96,2026-02-07 01:52:20.686977,2026-02-07 01:53:43.522522,0 days 00:01:22.835545,1.4259627643547516e-05,0.00034812543024778945,-1.7520013003990207,6.399908014472706,4.050912842104535,COMPLETE
127,125.82000000000001,2026-02-07 01:53:43.525899,2026-02-07 01:55:06.027819,0 days 00:01:22.501920,0.00024399895806818492,0.00045447722530833146,-1.5266194924028187,2.2433794084222156,3.695766310740668,COMPLETE
128,115.24000000000001,2026-02-07 01:55:06.031143,2026-02-07 01:56:30.181433,0 days 00:01:24.150290,4.046228191576533e-05,0.0004001549664108941,-1.6290683847700964,5.451742975064992,4.63167451234306,COMPLETE
129,118.12,2026-02-07 01:56:30.185414,2026-02-07 01:57:53.166872,0 days 00:01:22.981458,1.724841106689562e-05,0.00042848791050709693,-1.8646853228166411,1.7732107591853348,4.215639005722469,COMPLETE
130,123.2,2026-02-07 01:57:53.170137,2026-02-07 01:59:16.027530,0 days 00:01:22.857393,1.2964468508565773e-05,0.00047290928356435286,-1.4610804800331312,7.1689904346615485,5.151440028703439,COMPLETE
131,129.40000000000003,2026-02-07 01:59:16.030936,2026-02-07 02:00:39.084474,0 days 00:01:23.053538,0.00010700315539069249,0.00016486681115635273,-2.6525474982221935,6.182926685843642,3.1196213004286397,COMPLETE
132,137.12,2026-02-07 07:43:32.999973,2026-02-07 07:44:57.193816,0 days 00:01:24.193843,2.6669839101241833e-05,0.000306880793177161,-3.0945761735045774,4.5239535849192976,4.88802372410866,COMPLETE
133,112.75999999999999,2026-02-07 07:44:57.198454,2026-02-07 07:46:12.777447,0 days 00:01:15.578993,1.9339677908054208e-05,0.00036751504132595227,-2.979546068951657,5.142472638744825,0.5668941271541665,COMPLETE
134,115.4,2026-02-07 07:46:12.780877,2026-02-07 07:47:28.199665,0 days 00:01:15.418788,2.3407284527790812e-05,0.000490523212002542,-2.2709080412099065,0.8726007174661232,0.920570169779746,COMPLETE
135,113.78000000000002,2026-02-07 07:47:28.203034,2026-02-07 07:48:44.444840,0 days 00:01:16.241806,1.6148140194294967e-05,0.00043575943923559513,-3.1812009697930406,4.239219034701364,2.2626743592267093,COMPLETE
136,130.82,2026-02-07 07:48:44.448203,2026-02-07 07:50:00.647742,0 days 00:01:16.199539,1.1033897690563508e-05,0.00027618725551686066,-1.2665625892016292,1.378650610436308,1.380750607176834,COMPLETE
137,101.92,2026-02-07 07:50:00.651478,2026-02-07 07:51:17.759686,0 days 00:01:17.108208,8.727695681201979e-05,0.000356503847296585,-0.8165540424256601,3.7224276775001996,5.461771500153118,COMPLETE
138,162.86,2026-02-07 07:51:17.774501,2026-02-07 07:52:34.917692,0 days 00:01:17.143191,6.243056787252508e-05,0.0003922983612485245,-2.526347773966862,4.964386318050224,4.396347465150719,COMPLETE
139,131.01999999999998,2026-02-07 07:52:34.920968,2026-02-07 07:53:52.359915,0 days 00:01:17.438947,7.33972954133563e-05,0.0003933910362283252,-2.0245179321428766,5.88769433566265,4.223239774763542,COMPLETE
140,130.72,2026-02-07 07:53:52.363017,2026-02-07 07:55:08.520716,0 days 00:01:16.157699,5.7303131515527665e-05,0.00041516232488875485,-2.4647922236833684,5.579276768168317,4.383107053014874,COMPLETE
141,128.7,2026-02-07 07:55:08.524226,2026-02-07 07:56:25.534162,0 days 00:01:17.009936,6.439235483059926e-05,0.0004554059619526168,-2.3282879697553915,8.201229798378973,3.9489927655592902,COMPLETE
142,122.8,2026-02-07 07:56:25.537424,2026-02-07 07:57:42.345151,0 days 00:01:16.807727,0.00012829317001607175,0.00037498435013863616,-2.5819772038760713,4.87632345891182,4.856732572536883,COMPLETE
143,135.24,2026-02-07 07:57:42.348330,2026-02-07 07:58:59.014407,0 days 00:01:16.666077,4.873335718740814e-05,0.00023116462351527764,-2.7025319454840613,4.414207748570627,4.525591206959424,COMPLETE
144,96.08,2026-02-07 07:58:59.017878,2026-02-07 08:00:17.843487,0 days 00:01:18.825609,1.2875880050087278e-05,0.0003338872186247861,-2.86414574108681,5.348058126198373,1.2232185688089752,COMPLETE
145,128.22,2026-02-07 08:00:17.846798,2026-02-07 08:01:35.032727,0 days 00:01:17.185929,3.448948408043483e-05,0.0004676389172868295,-1.4178154121638171,5.160164316708372,8.355373211314848,COMPLETE
146,144.72,2026-02-07 08:01:35.036032,2026-02-07 08:02:52.325237,0 days 00:01:17.289205,1.4837119335309652e-05,0.00040444788429889995,-2.775248616556698,5.652643797083266,5.071203211883384,COMPLETE
147,129.85999999999999,2026-02-07 08:02:52.328758,2026-02-07 08:04:09.522387,0 days 00:01:17.193629,4.350126034506549e-05,0.00040084454956704506,-2.632745879425688,6.460493473926902,5.300836339431255,COMPLETE
148,116.46000000000001,2026-02-07 08:04:09.525512,2026-02-07 08:05:27.136643,0 days 00:01:17.611131,1.028097479106121e-05,0.0004393851812545181,-1.0092608576083928,6.136574518441706,5.072961264598406,COMPLETE
149,113.17999999999999,2026-02-07 08:05:27.139812,2026-02-07 08:06:44.127494,0 days 00:01:16.987682,1.5273853124447952e-05,0.0004203582858562347,-2.173471916895268,6.866960027074224,3.3166675847288807,COMPLETE
150,131.6,2026-02-07 08:06:44.130886,2026-02-07 08:08:01.493922,0 days 00:01:17.363036,0.00020403668450639855,0.0004957982281859522,-2.7787434943080433,5.716153716185417,5.621834638841591,COMPLETE
151,124.4,2026-02-07 08:08:01.497251,2026-02-07 08:09:18.732154,0 days 00:01:17.234903,1.1744790450846912e-05,0.000389119070296092,-2.3450891755711862,1.868749642233579,6.004131184159657,COMPLETE
152,146.48,2026-02-07 08:09:18.735460,2026-02-07 08:10:36.052120,0 days 00:01:17.316660,2.1677303035754333e-05,0.0001122618859964446,-2.9812489253714345,2.1969849004128426,4.680353074394942,COMPLETE
153,127.8,2026-02-07 08:10:36.055291,2026-02-07 08:11:52.918229,0 days 00:01:16.862938,1.9086850530130212e-05,0.00010922974978102177,-3.004304102416878,2.2375189623927763,4.598806678641412,COMPLETE
154,116.42,2026-02-07 08:11:52.921465,2026-02-07 08:13:10.865609,0 days 00:01:17.944144,1.3888596561952811e-05,0.00011408118852610588,-2.5445304535690574,1.368945026181843,4.777898200080477,COMPLETE
155,121.3,2026-02-07 08:13:10.868795,2026-02-07 08:14:28.066153,0 days 00:01:17.197358,6.781584680521333e-05,0.00046433802633107584,-2.9396808928704505,2.726156359177985,4.986623136496543,COMPLETE
156,123.2,2026-02-07 08:14:28.069304,2026-02-07 08:15:45.271199,0 days 00:01:17.201895,1.614936438040985e-05,0.0001318240659558352,-2.7307562988366865,1.9657699615177102,2.9128464703627075,COMPLETE
157,104.85999999999999,2026-02-07 08:15:45.274751,2026-02-07 08:17:02.924737,0 days 00:01:17.649986,7.833056095044507e-05,7.669134340229532e-05,-3.2735725664330544,4.731456189673521,4.117787431136716,COMPLETE
158,133.4,2026-02-07 08:17:02.927918,2026-02-07 08:18:20.634986,0 days 00:01:17.707068,2.2325113494201288e-05,6.667493152077347e-05,-3.1405640733882603,3.9218158736593196,3.8590411864363254,COMPLETE
159,126.18000000000002,2026-02-07 08:18:20.638290,2026-02-07 08:19:38.208662,0 days 00:01:17.570372,1.201642642372739e-05,0.00010443404424064698,-1.5686537076284166,1.6097771814378374,5.236432353105017,COMPLETE
160,112.61999999999998,2026-02-07 08:19:38.211970,2026-02-07 08:20:55.873461,0 days 00:01:17.661491,1.4472810600796995e-05,8.941550444464145e-05,-2.4810790824355218,4.940829335370037,4.830114007045768,COMPLETE
161,117.42,2026-02-07 08:20:55.876747,2026-02-07 08:22:13.390516,0 days 00:01:17.513769,9.402568917402344e-05,0.0004408068139269118,-3.5502766833501065,2.407372016420435,4.418814539486789,COMPLETE
162,,2026-02-07 20:45:27.142858,2026-02-07 20:45:31.292942,0 days 00:00:04.150084,3.0044645680349643e-05,0.0003552322511717854,-2.8872477300759227,2.1022150708593426,0.5005814030376745,FAIL
163,116.62,2026-02-08 15:08:37.592517,2026-02-08 15:10:01.906162,0 days 00:01:24.313645,5.2983074234347684e-05,0.0008160998092171706,-1.7771750339623662,3.1541788302925733,5.383081800029125,COMPLETE
164,166.42000000000002,2026-02-08 15:10:01.926617,2026-02-08 15:11:26.454660,0 days 00:01:24.528043,2.0309978430972193e-05,0.0005913918253424524,-1.674370597711032,5.526592179929733,12.91714801238487,COMPLETE
165,156.62,2026-02-08 15:11:26.457968,2026-02-08 15:12:44.917929,0 days 00:01:18.459961,2.064854680807168e-05,0.0005640140565187383,-1.7250189495921422,5.557481001564474,13.337951376443463,COMPLETE
166,121.43999999999998,2026-02-08 15:12:44.921237,2026-02-08 15:14:04.897340,0 days 00:01:19.976103,2.12346713611187e-05,0.0005748326866197789,-1.886639136492358,5.562904290042438,13.001059799848983,COMPLETE
167,139.95999999999998,2026-02-08 15:14:04.900721,2026-02-08 15:15:24.309125,0 days 00:01:19.408404,2.9816010067080403e-05,0.0005357990091643782,-1.652055301835471,6.007539391220701,12.380277459981375,COMPLETE
168,126.17999999999999,2026-02-08 15:15:24.312405,2026-02-08 15:16:43.488981,0 days 00:01:19.176576,2.524194370362523e-05,0.0006076224890859157,-2.056509856249981,5.895188270393053,13.100021970668239,COMPLETE
169,146.88000000000002,2026-02-08 15:16:43.492552,2026-02-08 15:18:05.412419,0 days 00:01:21.919867,1.652098375467931e-05,0.0006594375214653099,-1.7636772244153176,5.276149988043076,13.65351317094434,COMPLETE
170,123.46000000000001,2026-02-08 15:18:05.416078,2026-02-08 15:19:37.024294,0 days 00:01:31.608216,1.8350589740281642e-05,0.000666428901723842,-1.7913840154686023,5.350875885390586,13.740664158086114,COMPLETE
171,117.78,2026-02-08 15:19:37.029264,2026-02-08 15:20:59.471280,0 days 00:01:22.442016,1.6964689372665078e-05,0.0005315216610612099,-1.9481961930953813,5.250099750290702,15.11447720977877,COMPLETE
172,97.54,2026-02-08 15:20:59.474612,2026-02-08 15:22:20.203782,0 days 00:01:20.729170,1.002780835544799e-05,0.000579016442155117,-1.70043366409347,5.6604889065247,19.619562987440368,COMPLETE
173,160.14000000000001,2026-02-08 15:22:20.207098,2026-02-08 15:23:39.102055,0 days 00:01:18.894957,2.0185652533373744e-05,0.0008816739925850286,-1.7206528966092576,5.001365148741047,13.090426091064725,COMPLETE
174,129.76000000000002,2026-02-08 15:23:39.105520,2026-02-08 15:24:59.148075,0 days 00:01:20.042555,2.135992402081664e-05,0.0009328167105890447,-1.711003844712915,5.519186091727272,14.035038958722673,COMPLETE
175,154.48,2026-02-08 15:24:59.151306,2026-02-08 15:26:19.122950,0 days 00:01:19.971644,1.976325748663703e-05,0.0006860330734201405,-1.6188533983567055,5.092364752071079,12.047111856543584,COMPLETE
176,109.58,2026-02-08 15:26:19.126267,2026-02-08 15:27:39.038505,0 days 00:01:19.912238,2.451649178014054e-05,0.0007051441800784575,-1.6294878788744718,5.158149816871398,12.456332425499669,COMPLETE
177,129.38,2026-02-08 15:27:39.041915,2026-02-08 15:28:59.127267,0 days 00:01:20.085352,1.9250635882337417e-05,0.0006008545515739902,-1.5899811682649627,4.935671004636511,13.635284997989682,COMPLETE
178,136.9,2026-02-08 15:28:59.130446,2026-02-08 15:30:19.209848,0 days 00:01:20.079402,2.8726004022589058e-05,0.0005396319283274439,-1.7299315107114666,5.016576296141986,12.123027339893264,COMPLETE
179,125.61999999999998,2026-02-08 15:30:19.213058,2026-02-08 15:31:38.929476,0 days 00:01:19.716418,1.585893268802375e-05,0.0006592755758981969,-1.8809195208309413,4.690201283180884,14.513909505165605,COMPLETE
180,145.57999999999998,2026-02-08 15:31:38.932765,2026-02-08 15:33:01.859319,0 days 00:01:22.926554,0.0005511765000606199,0.0006322848992119546,-1.8092966444339644,5.393333230400274,12.879910239406883,COMPLETE
181,99.46000000000001,2026-02-08 15:33:01.870524,2026-02-08 15:34:22.496157,0 days 00:01:20.625633,0.001017667645354791,0.00062244827748187,-1.8240283519159548,5.301498151767897,12.83349224088062,COMPLETE
182,125.94000000000001,2026-02-08 15:34:22.499590,2026-02-08 15:35:41.928678,0 days 00:01:19.429088,0.0013472839352186919,0.0005591075093062419,-1.656808611128733,5.444401092239748,11.469969992032079,COMPLETE
183,151.04,2026-02-08 15:35:41.932131,2026-02-08 15:37:03.788522,0 days 00:01:21.856391,1.8929765973305214e-05,0.0006980462032639107,-1.7448889053292889,5.735127686639432,13.505612730882877,COMPLETE
184,133.58,2026-02-08 15:37:03.791884,2026-02-08 15:38:24.176387,0 days 00:01:20.384503,0.0006646107801785745,0.0007420184739649912,-1.7359257250405555,5.827411463222838,13.419762334522096,COMPLETE
185,149.18,2026-02-08 15:38:24.179719,2026-02-08 15:39:44.199104,0 days 00:01:20.019385,0.0005129543211532967,0.0006864439041819079,-1.8261842072343448,2.1000513255448348,14.400879062306652,COMPLETE
186,150.33999999999997,2026-02-08 15:39:44.202532,2026-02-08 15:41:05.507421,0 days 00:01:21.304889,2.0715487739532038e-05,0.0006861210972574197,-1.9803263457172566,2.201877345499312,15.050823098935332,COMPLETE
187,134.72,2026-02-08 15:41:05.510782,2026-02-08 15:42:29.582498,0 days 00:01:24.071716,1.8310993713221412e-05,0.0006885296788686909,-1.9403945839080157,2.078753026352886,15.668099111937812,COMPLETE
188,124.38,2026-02-08 15:42:29.586198,2026-02-08 15:43:49.746348,0 days 00:01:20.160150,2.4895208680618234e-05,0.000680794524462701,-1.5892457015076848,6.169593599226999,14.325537437953056,COMPLETE
189,126.73999999999998,2026-02-08 15:43:49.749554,2026-02-08 15:45:10.363729,0 days 00:01:20.614175,1.9519431235943856e-05,0.000734577725774194,-1.8898628583266261,1.7528500990674925,14.641520673193456,COMPLETE
190,156.48000000000002,2026-02-08 15:45:10.367086,2026-02-08 15:46:28.604915,0 days 00:01:18.237829,0.0008605191942943958,0.0008435106640593805,-1.995365362772099,5.128317820122901,15.662941086331713,COMPLETE
191,146.45999999999998,2026-02-08 15:46:28.608244,2026-02-08 15:47:48.732634,0 days 00:01:20.124390,0.0014880331596067344,0.0007918568405694909,-2.0081182739892576,5.103163502055727,16.39817569521141,COMPLETE
192,124.14000000000001,2026-02-08 15:47:48.735916,2026-02-08 15:49:09.675542,0 days 00:01:20.939626,0.00041754230612747474,0.0008708789431237836,-1.6857831646547852,4.576338528731441,16.007309255399615,COMPLETE
193,123.76000000000002,2026-02-08 16:57:12.550084,2026-02-08 16:58:29.025866,0 days 00:01:16.475782,0.000786095532682719,0.000836100301166911,-1.8303128271195555,4.870539125957311,15.139077747595914,COMPLETE
194,157.4,2026-02-08 16:58:29.030455,2026-02-08 16:59:48.791337,0 days 00:01:19.760882,0.0002924664089739793,0.0006430605855525705,-1.7575827830017174,5.2465696961416715,13.437901546901148,COMPLETE
195,124.83999999999999,2026-02-08 16:59:48.795323,2026-02-08 17:01:11.120202,0 days 00:01:22.324879,0.0005022454538021443,0.0005929076473680372,-1.7472389949312956,4.345813733525543,13.398128073260702,COMPLETE
196,145.34,2026-02-08 17:01:11.123724,2026-02-08 17:02:30.501240,0 days 00:01:19.377516,0.00031136087130626363,0.0006479622559522844,-1.839162168574418,5.240015137563453,14.017319104045223,COMPLETE
197,118.4,2026-02-08 17:02:30.504649,2026-02-08 17:03:55.033816,0 days 00:01:24.529167,0.0009460715336665641,0.000770896331838534,-1.9848057112257012,5.495489496769615,13.317086569203141,COMPLETE
198,134.26,2026-02-08 17:03:55.037044,2026-02-08 17:05:15.496668,0 days 00:01:20.459624,0.0007688504576405631,0.0006420555693713482,-1.7646994757647627,5.067473105371434,11.928399437854454,COMPLETE
199,117.82000000000001,2026-02-08 17:05:15.499907,2026-02-08 17:06:35.112248,0 days 00:01:19.612341,0.00026272947257452374,0.0007165565336060035,-1.617667588046174,5.778513998319252,14.905729724597663,COMPLETE
200,146.26,2026-02-08 17:06:35.115543,2026-02-08 17:07:53.178890,0 days 00:01:18.063347,0.00031567614863774673,0.0005189722801595233,-1.9205643044065401,4.826686110477718,15.629828668951003,COMPLETE
201,129.04000000000002,2026-02-08 17:07:53.182068,2026-02-08 17:09:10.918161,0 days 00:01:17.736093,0.00037482740522425085,0.0005572396742640471,-1.694084352228592,5.56650762520982,13.892438299170344,COMPLETE
202,159.48000000000002,2026-02-08 17:09:10.921845,2026-02-08 17:10:30.357067,0 days 00:01:19.435222,0.0005074408283121649,0.0009306551087977659,-2.1079441422604495,5.2012695473257065,17.032633223598086,COMPLETE
203,166.34,2026-02-08 17:10:30.360459,2026-02-08 17:11:54.315223,0 days 00:01:23.954764,0.000476885620067463,0.0009310768565236706,-2.147527044929783,5.232219978309602,17.001462164557672,COMPLETE
204,139.02,2026-02-08 17:11:54.318513,2026-02-08 17:13:12.870503,0 days 00:01:18.551990,0.0005326685558509863,0.0009711912110973544,-2.0753537168115486,4.996960321594109,17.542105926484115,COMPLETE
205,152.3,2026-02-08 17:13:12.873821,2026-02-08 17:14:32.459167,0 days 00:01:19.585346,0.000508330196097253,0.0009332409241981697,-2.144248277726867,5.89596550848498,17.881835195326236,COMPLETE
206,127.44000000000001,2026-02-08 17:14:32.462508,2026-02-08 17:15:52.358921,0 days 00:01:19.896413,0.0005697064013331682,0.000898888294104919,-2.187613478575411,6.269128952154561,17.008900274134607,COMPLETE
207,148.3,2026-02-08 17:15:52.362274,2026-02-08 17:17:11.473219,0 days 00:01:19.110945,0.0004871501558816774,0.0009213260073727625,-2.1403659234704993,6.003388655962166,17.96286277582461,COMPLETE
208,154.07999999999998,2026-02-08 17:17:11.476761,2026-02-08 17:18:32.299554,0 days 00:01:20.822793,0.00043958419436813576,0.0008624578527798921,-2.1436650205668344,5.164726670959238,17.823175542238694,COMPLETE
209,144.3,2026-02-08 17:18:32.302823,2026-02-08 17:19:53.730268,0 days 00:01:21.427445,0.0006470781953428954,0.0009989093743370803,-2.1193490537246835,5.190026733412628,17.733119723021424,COMPLETE
210,141.7,2026-02-08 17:19:53.733714,2026-02-08 17:21:14.565124,0 days 00:01:20.831410,0.0005972563447493162,0.0008719372673124561,-2.020536310966027,5.675635539670442,18.541291190722752,COMPLETE
211,140.16,2026-02-08 17:21:14.568499,2026-02-08 17:22:35.914900,0 days 00:01:21.346401,0.00041871186452632807,0.0008659644450258977,-2.0992093068573743,4.745160477951787,17.12113607601322,COMPLETE
212,118.01999999999998,2026-02-08 17:22:35.918185,2026-02-08 17:23:56.300525,0 days 00:01:20.382340,0.00037553910261831335,0.0009369728501830599,-2.2628964027638707,5.452853031199762,17.002385149048834,COMPLETE
213,122.9,2026-02-08 17:23:56.303616,2026-02-08 17:25:15.478233,0 days 00:01:19.174617,0.00046075214813274124,0.0008393634768621781,-1.9219358771410866,5.15822790848624,18.338283856105733,COMPLETE
214,130.66,2026-02-08 17:25:15.481588,2026-02-08 17:26:34.757959,0 days 00:01:19.276371,0.0003669242155739682,0.0007948700600980066,-1.9666858439146235,5.007995964478088,18.312855220867366,COMPLETE
215,140.24,2026-02-08 17:26:34.761187,2026-02-08 17:27:53.778025,0 days 00:01:19.016838,0.00045000736452466077,0.0009063377527277071,-1.5617456397559903,5.301301172290157,16.666758895670817,COMPLETE
216,138.64000000000001,2026-02-08 17:27:53.781123,2026-02-08 17:29:20.084063,0 days 00:01:26.302940,0.0018133356727029145,0.0009537437272855737,-2.3853226266827523,4.6424285987576175,18.93126169603339,COMPLETE
217,143.78000000000003,2026-02-08 17:29:20.087405,2026-02-08 17:30:39.072131,0 days 00:01:18.984726,0.0008275105761015534,0.0006222363428218208,-1.8612377460226615,7.387181708608957,10.170394011667563,COMPLETE
218,129.44,2026-02-08 17:30:39.075552,2026-02-08 17:32:03.713664,0 days 00:01:24.638112,0.0004894010087352882,0.0008305626239756438,-2.2241225387810157,5.6494145697283775,17.469870140061403,COMPLETE
219,125.64000000000001,2026-02-08 17:32:03.716773,2026-02-08 17:33:23.348597,0 days 00:01:19.631824,0.0005842780721185722,0.000707273087936415,-2.075866302130657,5.490147098828139,5.612415018060951,COMPLETE
220,144.07999999999998,2026-02-08 17:33:23.351895,2026-02-08 17:34:43.102909,0 days 00:01:19.751014,0.0007075131680325065,0.0008726429328645395,-2.1644450489458484,5.892827202165556,12.699001105139676,COMPLETE
221,133.96,2026-02-08 17:34:43.106293,2026-02-08 17:36:03.787625,0 days 00:01:20.681332,0.004731234753415078,0.0007669099649584957,-1.6762319798731025,6.685442482020072,6.3029688434188245,COMPLETE
222,106.05999999999999,2026-02-08 17:36:03.790841,2026-02-08 17:37:23.359649,0 days 00:01:19.568808,0.00036035071877983747,0.0009610587637884281,-1.8025088181878075,4.8482854696496585,5.484139625494598,COMPLETE
223,112.42,2026-02-08 17:50:04.479513,2026-02-08 17:51:22.743437,0 days 00:01:18.263924,2.2252928170970044e-05,0.0006844354528122061,-2.0031119250439455,9.033946072878516,7.389209089974894,COMPLETE
224,120.28000000000002,2026-02-08 17:51:22.747804,2026-02-08 17:52:41.096101,0 days 00:01:18.348297,0.00042233423237877915,0.0005999587041229034,-1.8500976715992856,5.767398606398034,13.197096498965543,COMPLETE
225,116.12,2026-02-08 17:52:41.099521,2026-02-08 17:53:58.987446,0 days 00:01:17.887925,0.0004695437407498152,0.0009048710412701635,-1.598781361233561,6.068015877134671,14.253924741192261,COMPLETE
226,131.50000000000003,2026-02-08 17:53:58.990742,2026-02-08 17:55:16.307363,0 days 00:01:17.316621,1.1308498503103486e-05,0.0005123521547562179,-1.7152587528166534,5.306104050256279,5.318201670419141,COMPLETE
227,121.72,2026-02-08 17:55:16.310741,2026-02-08 17:56:34.053250,0 days 00:01:17.742509,0.0005379473610802703,0.0005744927535482288,-2.281038154589901,1.44431026054965,5.903298000392924,COMPLETE
228,112.62,2026-02-08 17:56:34.056900,2026-02-08 17:57:52.122041,0 days 00:01:18.065141,0.0003358144258779449,0.000729424100154308,-2.057427136683521,1.653806946164098,16.380643578232693,COMPLETE
229,118.7,2026-02-08 17:57:52.125252,2026-02-08 17:59:10.326136,0 days 00:01:18.200884,0.0002699689541276174,0.0005489720580745802,-1.9077433112726703,5.071428142231727,17.295587607863737,COMPLETE
230,131.32,2026-02-08 17:59:10.329683,2026-02-08 18:00:28.258399,0 days 00:01:17.928716,0.00021553498527586963,0.0006365320085824842,-1.6484777981034782,5.484613972357538,17.919050605983568,COMPLETE
231,146.95999999999998,2026-02-08 18:00:28.261551,2026-02-08 18:01:46.933086,0 days 00:01:18.671535,2.0468154920236603e-05,0.0008491383108585233,-1.8009618619805023,5.845600187103298,15.703721900124636,COMPLETE
232,122.2,2026-02-08 18:01:46.936323,2026-02-08 18:03:06.049245,0 days 00:01:19.112922,2.7335140952448635e-05,0.0008066382799399811,-1.9811402937800082,5.260750955742778,14.824595172870144,COMPLETE
233,131.8,2026-02-08 18:03:06.052485,2026-02-08 18:04:25.315569,0 days 00:01:19.263084,0.00044856949945083795,0.0008991454946400744,-2.1398850779006664,6.520066440531048,17.8629248147084,COMPLETE
234,128.78,2026-02-08 18:04:25.318802,2026-02-08 18:05:46.218724,0 days 00:01:20.899922,0.0006606260187399632,0.0009400764783335523,-2.1573234984295357,6.123045764297789,18.096836773467878,COMPLETE
235,130.92,2026-02-08 18:05:46.222102,2026-02-08 18:09:30.730805,0 days 00:03:44.508703,0.0005150008162637982,0.0009954321732523893,-4.521986838661518,5.878638404076504,13.539632167551114,COMPLETE
236,136.1,2026-02-08 18:09:30.734708,2026-02-08 18:10:50.261030,0 days 00:01:19.526322,0.0005216403581758013,0.0009245355690176076,-2.1127862675658773,5.628376644145763,6.7613128732494445,COMPLETE
237,153.98000000000002,2026-02-08 18:10:50.264290,2026-02-08 18:12:08.011035,0 days 00:01:17.746745,1.239154628798618e-05,0.0009043957251447033,-1.7623740207609642,5.4005236001757195,15.35718800858941,COMPLETE
238,137.38,2026-02-08 18:12:08.014212,2026-02-08 18:13:25.292043,0 days 00:01:17.277831,1.333600302279649e-05,0.0006806684514281217,-1.7667834026051956,5.3992418603465655,5.261328222695604,COMPLETE
239,120.53999999999999,2026-02-08 18:13:25.295424,2026-02-08 18:14:43.192061,0 days 00:01:17.896637,1.2156341111029144e-05,0.0006259109345084458,-1.6972474611777455,2.0102968110547113,13.071938099082773,COMPLETE
240,128.28,2026-02-08 18:14:43.195571,2026-02-08 18:16:01.278545,0 days 00:01:18.082974,1.0354375671041846e-05,0.0007675431961058593,-1.838741184630535,4.943531207033215,15.305078874219086,COMPLETE
241,134.28,2026-02-08 18:16:01.281921,2026-02-08 18:17:18.665624,0 days 00:01:17.383703,1.8462697002613937e-05,0.0005191612778081907,-2.5110201958279452,5.17304642288966,16.621759200007784,COMPLETE
242,160.32,2026-02-08 18:17:18.669267,2026-02-08 18:18:35.349975,0 days 00:01:16.680708,2.3723415945579415e-05,0.0005992503173051407,-1.5735673726181019,5.645808302655579,15.458391459949722,COMPLETE
243,144.76,2026-02-08 18:18:35.353197,2026-02-08 18:19:53.716140,0 days 00:01:18.362943,2.532228499708561e-05,0.0005640305851330497,-1.5767988865804368,5.610984338357735,15.583369954001702,COMPLETE
244,143.34,2026-02-08 18:19:53.719537,2026-02-08 18:21:12.196992,0 days 00:01:18.477455,2.2215871669745562e-05,0.0006031344852206477,-1.6684818716194083,5.388085349659735,15.331560511567984,COMPLETE
245,120.5,2026-02-08 18:21:12.200235,2026-02-08 18:22:33.149707,0 days 00:01:20.949472,6.048622890824676e-05,0.0006604957656038828,-1.5465756455499746,5.1185632478256995,16.009896347661943,COMPLETE
246,112.88000000000002,2026-02-08 18:22:33.152926,2026-02-08 18:23:54.728050,0 days 00:01:21.575124,1.7409148280220715e-05,0.0005804192338060656,-1.7394727724997883,5.720840383551093,15.978624950471774,COMPLETE
247,124.18000000000002,2026-02-08 18:23:54.731413,2026-02-08 18:25:14.386613,0 days 00:01:19.655200,2.017627320245029e-05,0.0008753923835357979,-1.6551484939753653,5.520470197013934,14.858930713219037,COMPLETE
248,123.31999999999998,2026-02-08 18:25:14.389937,2026-02-08 18:26:32.811457,0 days 00:01:18.421520,1.144080765826153e-05,0.0006461462665688324,-1.7384836894497073,6.30961379651383,12.705997845563028,COMPLETE
249,118.3,2026-02-08 18:26:32.814677,2026-02-08 18:27:48.923298,0 days 00:01:16.108621,2.326611120111035e-05,0.0007036117139605805,-1.8909388613311437,4.861417526148112,5.731249590728831,COMPLETE
250,144.35999999999999,2026-02-08 18:27:48.926514,2026-02-08 18:29:06.921322,0 days 00:01:17.994808,3.0128869440146794e-05,0.000966787824822687,-1.5903008873757585,5.281533745808556,14.18288460343717,COMPLETE
251,113.74000000000001,2026-02-08 18:29:06.924785,2026-02-08 18:30:24.768774,0 days 00:01:17.843989,3.748369204465961e-05,0.0006123221750335711,-2.5937710445742974,2.5507041748646553,9.32488620364823,COMPLETE
252,128.18,2026-02-08 18:30:24.772024,2026-02-08 18:31:45.680919,0 days 00:01:20.908895,1.4845167957775056e-05,0.0008376728068281259,-1.78979464807066,5.995489808873918,5.274068321744743,COMPLETE
253,152.02,2026-02-08 18:34:01.394067,2026-02-08 18:35:18.278637,0 days 00:01:16.884570,1.2724771592104353e-05,0.0008838477620413317,-1.9955054505466774,1.2567472736566034,14.575141859379698,COMPLETE
254,107.96000000000001,2026-02-08 18:35:18.283037,2026-02-08 18:36:35.419088,0 days 00:01:17.136051,1.2694176690880396e-05,0.0008832704634207694,-1.9796849740579323,1.199249833102743,14.502578146695054,COMPLETE
255,131.04,2026-02-08 18:36:35.422450,2026-02-08 18:37:54.599947,0 days 00:01:19.177497,1.7987768242981274e-05,0.000915193517260708,-2.0180127160077594,0.9344862744509737,15.120235786148003,COMPLETE
256,148.44,2026-02-08 18:37:54.603447,2026-02-08 18:39:12.661847,0 days 00:01:18.058400,1.0027974478186255e-05,0.0008009309989473412,-1.9126850420895398,1.1972297672851493,10.581168448750066,COMPLETE
257,138.28,2026-02-08 18:39:12.665789,2026-02-08 18:40:34.830200,0 days 00:01:22.164411,8.041024439919302e-05,0.0009043822916366113,-1.6339266159941148,1.7232485580293524,6.200877777138807,COMPLETE
258,124.48000000000002,2026-02-08 18:40:34.833559,2026-02-08 18:42:03.766498,0 days 00:01:28.932939,3.245621724401223e-05,0.0008489557778316,-2.2187317954919936,4.961280189672319,15.360311693993182,COMPLETE
259,137.28,2026-02-08 18:42:03.769871,2026-02-08 18:43:22.849489,0 days 00:01:19.079618,2.0443579136314792e-05,0.0009529143187684164,-2.070449108158172,2.2389174590375367,13.882249862947983,COMPLETE
260,161.04000000000002,2026-02-08 18:43:22.853082,2026-02-08 18:44:42.227460,0 days 00:01:19.374378,1.589296339583426e-05,0.0007264405861939947,-1.735940795885813,1.888697576398524,13.375206381000446,COMPLETE
261,135.96,2026-02-08 18:44:42.230925,2026-02-08 18:46:01.362408,0 days 00:01:19.131483,1.5834326559462158e-05,0.0008031199535647039,-1.712768500415808,7.003435825794258,13.019088536413562,COMPLETE
262,141.90000000000003,2026-02-08 18:46:01.365880,2026-02-08 18:47:19.983485,0 days 00:01:18.617605,1.40844067182625e-05,0.0005095516398166214,-1.5475489526654627,0.7075707345780753,13.30975927462533,COMPLETE
263,138.06,2026-02-08 18:47:19.987190,2026-02-08 18:48:38.338698,0 days 00:01:18.351508,1.6861442209158034e-05,0.0007521131837796625,-1.6600165655744263,1.3062355703256257,12.387382347764227,COMPLETE
264,130.88,2026-02-08 18:48:38.342170,2026-02-08 18:50:02.249238,0 days 00:01:23.907068,1.3505526909392752e-05,0.0007241142379357248,-2.403811500312675,1.5709269137906172,13.531385713162985,COMPLETE
265,164.92000000000002,2026-02-08 18:50:02.252565,2026-02-08 18:51:21.273388,0 days 00:01:19.020823,2.29591352107432e-05,0.0009989597854184475,-1.7742432133433501,1.9153810489040288,18.784472740596065,COMPLETE
266,130.06,2026-02-08 18:51:21.277081,2026-02-08 18:52:38.106602,0 days 00:01:16.829521,2.3740916728625475e-05,0.0009555287703433124,-1.7361599064799902,1.7531860922725389,19.34573656339324,COMPLETE
267,129.54000000000002,2026-02-08 18:52:38.109914,2026-02-08 18:53:56.912585,0 days 00:01:18.802671,2.192949702576007e-05,0.0009720468433362013,-1.8557144158366135,1.8441718029917251,18.99282414742545,COMPLETE
268,132.82000000000002,2026-02-08 18:53:56.915853,2026-02-08 18:55:15.902124,0 days 00:01:18.986271,1.8861111589750703e-05,0.0009039086096891735,-1.9516700468347958,4.546043349061494,18.452733795866763,COMPLETE
269,125.92,2026-02-08 18:55:15.905292,2026-02-08 18:56:37.037441,0 days 00:01:21.132149,1.6112065952118086e-05,0.0008604345333908778,-1.7958996462217656,5.143047903703631,12.641563675182928,COMPLETE
270,122.85999999999999,2026-02-08 18:56:37.040650,2026-02-08 18:57:55.730430,0 days 00:01:18.689780,1.1437363439468483e-05,0.0009205441629164548,-1.6431537060090111,1.9297411816099632,16.239168248848507,COMPLETE
271,136.84,2026-02-08 18:57:55.734115,2026-02-08 18:59:14.952786,0 days 00:01:19.218671,2.4916512562152715e-05,0.000994377528122649,-2.040892930347885,4.718437895690442,18.773290801543094,COMPLETE
272,138.44,2026-02-08 18:59:14.955960,2026-02-08 19:00:33.695307,0 days 00:01:18.739347,2.8177789903401157e-05,0.0006707536771372966,-1.786459971377797,1.4451755241331878,17.45319804148576,COMPLETE
273,147.7,2026-02-08 19:00:33.698835,2026-02-08 19:01:52.832306,0 days 00:01:19.133471,1.9596236304813963e-05,0.0002989885127770072,-1.5571428302779118,5.379728147251638,13.263307513864616,COMPLETE
274,122.98000000000002,2026-02-08 19:01:52.835991,2026-02-08 19:03:11.977114,0 days 00:01:19.141123,1.3947870182790998e-05,0.0005844052918782746,-1.712896390910264,5.59218701427276,5.654168924766339,COMPLETE
275,146.33999999999997,2026-02-08 19:03:11.980613,2026-02-08 19:04:35.753969,0 days 00:01:23.773356,2.185207263111727e-05,0.000836018177504596,-1.89423371163263,2.36974439874341,13.804836246301287,COMPLETE
276,138.07999999999998,2026-02-08 19:04:35.757251,2026-02-08 19:05:53.598584,0 days 00:01:17.841333,0.0009090927724473726,0.0006215460340804664,-1.7672375723747404,1.054648839598114,16.73225562484657,COMPLETE
277,134.4,2026-02-08 19:05:53.601887,2026-02-08 19:07:12.716467,0 days 00:01:19.114580,0.0011681982432740477,0.0008810055055423287,-2.291686610484063,5.05744276034076,5.27467742692092,COMPLETE
278,130.28,2026-02-08 19:07:12.719964,2026-02-08 19:08:32.918233,0 days 00:01:20.198269,0.00028383113192044973,0.0003196646410794483,-1.604334199886031,1.566008234860159,14.804649167067804,COMPLETE
279,130.14000000000001,2026-02-08 19:08:32.921484,2026-02-08 19:09:52.789614,0 days 00:01:19.868130,1.5757834622096355e-05,0.0009341973393300844,-1.9565543376090466,7.700414310901631,15.832689111740866,COMPLETE
280,128.24,2026-02-08 19:09:52.793051,2026-02-08 19:11:11.938895,0 days 00:01:19.145844,1.7957390149628253e-05,0.0006520521619402065,-1.8394068906937808,5.289758599185955,19.178301034852183,COMPLETE
281,118.72,2026-02-08 19:11:11.942240,2026-02-08 19:12:31.263749,0 days 00:01:19.321509,1.169206167815907e-05,0.0007863257311077433,-2.115358651210032,5.7791987121396255,15.38374208552745,COMPLETE
282,141.23999999999998,2026-02-08 19:12:31.267031,2026-02-08 19:13:51.003064,0 days 00:01:19.736033,1.947073841868809e-05,0.0009939758367524141,-1.6758512619034853,1.8980113648011316,19.701272326577502,COMPLETE
283,139.56,2026-02-08 19:14:16.756577,2026-02-08 19:15:38.328462,0 days 00:01:21.571885,2.5658303929381774e-05,0.0002846929531990593,-2.202792590502568,5.4763365843583545,12.000769018281058,COMPLETE
284,137.01999999999998,2026-02-08 19:15:38.333277,2026-02-08 19:17:00.745398,0 days 00:01:22.412121,1.268440099109216e-05,0.0007093824926000062,-2.030830578357757,4.876426236117181,5.544352238173048,COMPLETE
285,166.11999999999998,2026-02-08 19:17:00.750161,2026-02-08 19:18:27.188833,0 days 00:01:26.438672,4.5432877618606065e-05,0.0005507200011519605,-1.7215798289984083,5.185237294833634,12.95426237771801,COMPLETE
286,142.56,2026-02-08 19:18:27.192369,2026-02-08 19:19:52.883158,0 days 00:01:25.690789,4.602042874252906e-05,0.0005413371732684692,-1.7168793964922566,5.185682514437706,13.084876834089084,COMPLETE
287,136.5,2026-02-08 19:19:52.886599,2026-02-08 19:21:17.976665,0 days 00:01:25.090066,1.1095420425742058e-05,0.000557590734650612,-1.7997519104616655,4.7522395466781715,12.910770818528208,COMPLETE
288,126.5,2026-02-08 19:21:17.980126,2026-02-08 19:22:44.555769,0 days 00:01:26.575643,0.0004088915890757631,0.0005747004823109083,-1.6048699494468173,4.982860540454468,13.385256468975037,COMPLETE
289,126.99999999999997,2026-02-08 19:22:44.559279,2026-02-08 19:24:15.557556,0 days 00:01:30.998277,3.88826670014569e-05,0.0005998140029802253,-1.6669586465838844,5.656133586669398,6.032518383094589,COMPLETE
290,148.54000000000002,2026-02-08 19:24:15.560976,2026-02-08 19:25:42.995078,0 days 00:01:27.434102,6.035165837199912e-05,0.0008854628134607115,-1.548144014231227,5.357652065131003,19.961264094988273,COMPLETE
291,135.0,2026-02-08 19:25:42.998569,2026-02-08 19:27:13.309297,0 days 00:01:30.310728,1.4851918715458454e-05,0.000532643140609787,-1.7528557283854285,3.5302595389005775,13.684259759704005,COMPLETE
292,160.94,2026-02-08 19:27:13.314853,2026-02-08 19:28:44.546219,0 days 00:01:31.231366,5.268283864192298e-05,0.0009373235220582302,-1.8750088475625277,5.501178943288677,11.661620423999764,COMPLETE
293,118.33999999999999,2026-02-08 19:28:44.549471,2026-02-08 19:30:09.329047,0 days 00:01:24.779576,5.1379020794910286e-05,0.0009386658973583259,-1.9454015138115235,5.231772985082612,11.606273133785658,COMPLETE
294,138.3,2026-02-08 19:30:09.332395,2026-02-08 19:31:27.903956,0 days 00:01:18.571561,5.3567637511978744e-05,0.0009459400042780379,-1.8419945525245545,5.062971075137182,12.172630696093652,COMPLETE
295,114.60000000000002,2026-02-08 19:31:27.907746,2026-02-08 19:32:53.374148,0 days 00:01:25.466402,4.303561687201098e-05,0.0009957379544045786,-1.9054246157324473,4.415335718401413,11.601458060172954,COMPLETE
296,130.78,2026-02-08 19:32:53.377518,2026-02-08 19:34:22.006905,0 days 00:01:28.629387,6.720662808220694e-05,0.0008582449003047637,-1.6175942799717573,5.474735638890146,17.672876730588953,COMPLETE
297,118.58,2026-02-08 19:34:22.010725,2026-02-08 19:35:47.481469,0 days 00:01:25.470744,4.601883824009678e-05,0.0008935078005046101,-1.8778092200773229,5.129720001548748,5.308490418438178,COMPLETE
298,138.32,2026-02-08 19:35:47.484886,2026-02-08 19:37:09.068189,0 days 00:01:21.583303,5.597163521492618e-05,0.00033527226063063926,-1.81835442214261,4.623289517147046,12.464670041858255,COMPLETE
299,159.95999999999998,2026-02-08 19:37:09.071443,2026-02-08 19:38:37.279504,0 days 00:01:28.208061,3.511238689801868e-05,0.000823198603220065,-1.7086552367138972,5.542569838678453,12.6990953539832,COMPLETE
300,126.6,2026-02-08 19:38:37.282693,2026-02-08 19:40:01.109573,0 days 00:01:23.826880,3.6499577048628455e-05,0.00025477994224072653,-1.6920598869134613,5.548933426554732,12.72714851897957,COMPLETE
301,126.98000000000002,2026-02-08 19:40:01.113067,2026-02-08 19:41:21.542124,0 days 00:01:20.429057,4.815694199790686e-05,0.0008233788264759154,-1.736705379734059,5.91739847439619,17.144289750479842,COMPLETE
302,120.7,2026-02-08 19:41:21.545652,2026-02-08 19:42:41.066839,0 days 00:01:19.521187,6.0380502576099194e-05,0.00035254540312335805,-1.5468762686431985,5.345452905484892,12.214972167952558,COMPLETE
303,135.64000000000001,2026-02-08 19:42:41.070090,2026-02-08 19:44:01.908063,0 days 00:01:20.837973,4.264118342012653e-05,0.0008165130529732238,-1.634993088863371,5.6538444247203685,16.857364018524397,COMPLETE
304,136.48,2026-02-08 19:44:01.911485,2026-02-08 19:45:21.657387,0 days 00:01:19.745902,3.41719313401562e-05,0.0009344671389913088,-1.783579275374359,4.893613698770284,18.200234997255492,COMPLETE
305,149.64000000000001,2026-02-08 19:45:21.660979,2026-02-08 19:46:41.425922,0 days 00:01:19.764943,5.2173697732517633e-05,0.0006047181562125821,-1.6980020758984564,5.1956381029444865,12.640292647312329,COMPLETE
306,101.38,2026-02-08 19:46:41.429490,2026-02-08 19:48:01.289384,0 days 00:01:19.859894,6.944008585648189e-05,0.0005487091381551192,-2.3130958085595728,5.492698447390055,8.509713149850052,COMPLETE
307,120.94000000000001,2026-02-08 19:48:01.293116,2026-02-08 19:49:20.941729,0 days 00:01:19.648613,0.00033746848908555277,0.0008508621406895739,-1.6425327849515232,4.984672696087017,13.033237986435546,COMPLETE
308,142.42000000000002,2026-02-08 19:49:20.945216,2026-02-08 19:50:40.309983,0 days 00:01:19.364767,3.793239968406731e-05,0.0005886843996378894,-1.5424160820713335,8.034774824983812,5.276654878213692,COMPLETE
309,142.92,2026-02-08 19:50:40.313302,2026-02-08 19:52:00.421434,0 days 00:01:20.108132,2.878227543337604e-05,0.0004125292926901171,-1.7665898632398884,5.365371483702425,7.914668827410015,COMPLETE
310,143.48000000000002,2026-02-08 19:52:00.424946,2026-02-08 19:53:21.734458,0 days 00:01:21.309512,3.16990627444592e-05,0.000901634034938803,-2.1740598522900147,6.164075918832834,5.862077690728225,COMPLETE
311,144.94,2026-02-08 19:53:21.738120,2026-02-08 19:54:41.460752,0 days 00:01:19.722632,4.061316169464935e-05,0.0005111001641590301,-1.8607106640728526,5.798272742104758,5.167706631371953,COMPLETE
312,172.84,2026-02-08 19:54:41.464423,2026-02-08 19:56:01.721615,0 days 00:01:20.257192,1.002644610933107e-05,0.0009563045846496769,-1.6993262842462744,4.81584613911508,18.726743715926045,COMPLETE
