number,value,datetime_start,datetime_complete,duration,params_ENT_COEF,params_LEARNING_RATE,params_PENALTY_STAGNATION_FORCE,params_REWARD_DISTANCE_DIFF_SCALE,params_REWARD_SURVIVAL_SCALE,state
0,126.1,44:30.7,46:12.0,0 days 00:01:41.326295,0.002816422,1.96E-05,-4.752732778,0,3.145404426,COMPLETE
1,132.16,46:12.0,47:47.6,0 days 00:01:35.586232,0.000665672,3.79E-05,-3.365394692,0,1.489326975,COMPLETE
2,138.82,47:47.6,49:23.9,0 days 00:01:36.282340,0.000438448,4.76E-05,-1.528299481,0,5.329871625,COMPLETE
3,131.4,49:23.9,50:59.6,0 days 00:01:35.712855,0.009649593,0.000187984,-3.938067165,0,7.937151823,COMPLETE
4,136.18,50:59.6,52:36.1,0 days 00:01:36.499180,0.000220366,0.000114802,-3.234965504,0,5.043017733,COMPLETE
5,157.1,52:36.1,54:13.5,0 days 00:01:37.345703,8.74E-05,0.000485011,-1.719410535,0,1.291275603,COMPLETE
6,138.2,54:13.5,55:48.6,0 days 00:01:35.113358,0.000118212,7.72E-05,-0.546036315,0,2.894679854,COMPLETE
7,99.78,55:48.6,57:24.8,0 days 00:01:36.178007,6.14E-05,0.000175929,-1.247597937,0,5.458101892,COMPLETE
8,139.26,57:24.8,59:03.8,0 days 00:01:39.082901,0.006682511,0.000375112,-4.826984692,0,6.898755706,COMPLETE
9,117.22,59:03.8,00:38.8,0 days 00:01:34.995115,0.00022279,9.02E-05,-1.359947677,0,5.347490193,COMPLETE
10,144.58,00:38.8,02:15.2,0 days 00:01:36.346261,1.21E-05,0.00095524,-2.487042156,0,0.163771564,COMPLETE
12,130.92,03:21.1,05:01.7,0 days 00:01:40.566573,1.05E-05,0.000992818,-2.323735284,0,0.297648635,COMPLETE
13,142.36,05:01.7,06:42.8,0 days 00:01:41.135712,1.68E-05,0.000935877,-2.303899998,0,0.283867864,COMPLETE
14,137.68,06:42.8,08:22.2,0 days 00:01:39.381108,3.18E-05,0.000445333,-1.950744053,0,9.704258095,COMPLETE
15,127.88,08:22.2,09:59.6,0 days 00:01:37.446809,4.18E-05,0.000464804,-2.923871183,0,2.046092781,COMPLETE
16,125.8,09:59.6,11:39.9,0 days 00:01:40.221051,0.001199741,0.000645349,-0.531253274,0,1.478555537,COMPLETE
17,124.98,11:39.9,13:18.2,0 days 00:01:38.318443,7.65E-05,0.000263425,-3.940883228,0,3.580188844,COMPLETE
18,140.34,13:18.2,14:55.6,0 days 00:01:37.386522,2.23E-05,0.000662869,-1.743172206,0,0.171831036,COMPLETE
19,118.12,14:55.6,16:34.1,0 days 00:01:38.562157,0.000121416,0.000291336,-0.945548735,0,2.064957512,COMPLETE
20,154.1,16:34.1,18:11.5,0 days 00:01:37.336963,1.07E-05,0.000595238,-2.608218133,0,3.926531244,COMPLETE
21,108.2,18:11.5,19:42.4,0 days 00:01:30.891927,0.001146445,1.15E-05,-0.100157221,0,3.966585953,COMPLETE
22,129.92,19:42.4,21:07.1,0 days 00:01:24.731742,1.08E-05,0.000620451,-2.697538855,0,1.356582221,COMPLETE
23,121.5,21:07.1,22:47.1,0 days 00:01:39.986812,2.09E-05,0.000878328,-2.020635945,0,4.111031465,COMPLETE
24,110.3,22:47.1,24:13.9,0 days 00:01:26.795040,4.06E-05,0.000292847,-2.967881136,0,2.502957087,COMPLETE
25,122.74,24:13.9,25:36.8,0 days 00:01:22.872800,1.04E-05,0.000534311,-2.431387178,0,1.105960027,COMPLETE
26,120.42,25:36.8,26:58.8,0 days 00:01:22.047480,7.35E-05,0.00015005,-3.668185965,0,0.857602163,COMPLETE
27,126.12,26:58.8,28:20.9,0 days 00:01:22.056681,1.78E-05,0.000375508,-2.158196208,0,7.142049934,COMPLETE
28,143.96,28:20.9,29:42.3,0 days 00:01:21.381885,0.00013874,0.000746386,-2.723706622,0,4.716156684,COMPLETE
29,102.56,29:42.3,31:08.1,0 days 00:01:25.778653,3.09E-05,0.000215731,-1.793544443,0,6.232942796,COMPLETE
30,135.58,31:08.1,32:29.2,0 days 00:01:21.158653,5.38E-05,2.69E-05,-4.206862542,0,3.218660932,COMPLETE
31,110.02,32:29.2,33:53.5,0 days 00:01:24.288974,0.002979529,0.000409118,-3.254490002,0,2.297543573,COMPLETE
32,127.98,33:53.5,35:15.9,0 days 00:01:22.398445,0.0001541,0.000743289,-2.633465338,0,4.503749369,COMPLETE
33,132,35:15.9,36:40.8,0 days 00:01:24.883080,0.00030956,0.000761929,-2.754699532,0,4.548069824,COMPLETE
34,130.6,36:40.8,38:11.1,0 days 00:01:30.338102,0.000616166,0.000510187,-3.517053069,0,6.177709182,COMPLETE
35,118.78,38:11.1,39:36.3,0 days 00:01:25.155340,8.92E-05,5.69E-05,-1.596140625,0,0.750077422,COMPLETE
36,130.86,39:36.3,41:06.0,0 days 00:01:29.722402,0.000392269,0.000979642,-3.013093571,0,8.647522578,COMPLETE
37,125.66,41:06.0,42:32.2,0 days 00:01:26.223732,0.000173063,0.000569435,-4.403314018,0,2.883348368,COMPLETE
38,131.68,42:32.2,44:00.6,0 days 00:01:28.399658,2.89E-05,0.000328657,-1.21943946,0,1.854718407,COMPLETE
39,113.88,44:00.7,45:25.3,0 days 00:01:24.618228,1.57E-05,0.000133579,-2.518849331,0,6.035829731,COMPLETE
40,130.66,45:25.3,46:53.2,0 days 00:01:27.967275,0.000102882,0.000707663,-2.101711043,0,3.540410855,COMPLETE
41,143.9,46:53.2,48:21.1,0 days 00:01:27.872787,4.93E-05,0.000196433,-3.119032709,0,4.71260107,COMPLETE
42,132.78,47:16.2,48:42.3,0 days 00:01:26.141120,0.000155773,0.000433399,-3.151675489,6.148593406,5.048704383,COMPLETE
43,126.2,48:42.4,50:03.9,0 days 00:01:21.493472,5.41E-05,0.000392004,-3.412191757,0.588893802,4.573939116,COMPLETE
44,125.92,50:03.9,51:24.7,0 days 00:01:20.793669,1.39E-05,0.000448017,-3.682199167,9.868849157,5.537013626,COMPLETE
45,127.8,51:24.7,52:43.9,0 days 00:01:19.260187,0.000289463,0.000219807,-2.784612234,0.778406645,3.964778074,COMPLETE
46,105.08,52:43.9,54:03.0,0 days 00:01:19.039694,2.48E-05,0.000337937,-2.307027318,5.009875285,5.684225069,COMPLETE
47,121.68,54:03.0,55:22.3,0 days 00:01:19.354877,4.01E-05,9.66E-05,-3.102495344,9.530309927,6.960595454,COMPLETE
48,126.48,55:22.3,56:44.6,0 days 00:01:22.235314,1.26E-05,0.000453175,-1.855680128,3.809618775,2.74559358,COMPLETE
49,135.98,56:44.6,58:07.6,0 days 00:01:23.034808,6.46E-05,0.000346209,-1.536709551,7.518680367,1.76031255,COMPLETE
50,110.46,58:07.6,59:30.7,0 days 00:01:23.124830,0.000127587,0.000420405,-2.53357961,3.078798715,4.852463577,COMPLETE
51,129.16,59:30.7,00:57.8,0 days 00:01:27.034863,4.27E-05,0.000467987,-0.899883546,7.64880384,3.494905173,COMPLETE
52,124.08,00:57.8,02:20.7,0 days 00:01:22.900087,1.88E-05,0.000465942,-2.225243329,2.696981744,0.809972586,COMPLETE
53,123.94,02:20.7,03:41.9,0 days 00:01:21.202804,1.42E-05,0.000465616,-2.874068289,7.978846093,1.30974052,COMPLETE
54,134.7,03:41.9,05:02.9,0 days 00:01:21.015724,2.42E-05,0.000466812,-2.364448532,5.234099804,0.895688081,COMPLETE
55,129.84,05:02.9,06:23.7,0 days 00:01:20.845008,1.76E-05,0.000409648,-1.947288948,1.994655137,1.580926059,COMPLETE
56,110.8,06:23.7,07:44.8,0 days 00:01:21.090143,1.03E-05,0.000239602,-2.631689443,6.702325718,0.615565096,COMPLETE
57,140.5,07:44.8,09:05.9,0 days 00:01:21.109043,8.92E-05,0.00018009,-2.141518598,4.048942226,1.12882142,COMPLETE
58,121.56,09:05.9,10:27.1,0 days 00:01:21.116939,3.39E-05,0.000158033,-1.70129827,8.655458285,7.805222392,COMPLETE
59,104.94,10:27.1,11:48.5,0 days 00:01:21.413447,0.00022865,0.000472169,-1.315373953,6.368858731,4.185901286,COMPLETE
60,146.86,11:48.5,13:10.3,0 days 00:01:21.818261,1.37E-05,0.000375988,-3.336957996,1.940494194,2.415065211,COMPLETE
61,125.58,13:10.3,14:32.4,0 days 00:01:22.124712,1.30E-05,0.000364318,-3.252884137,1.51748899,2.273923623,COMPLETE
62,143.32,14:32.4,15:54.3,0 days 00:01:21.823020,2.02E-05,0.000309299,-2.859087966,4.236311268,1.187750209,COMPLETE
63,120.02,15:54.3,17:20.7,0 days 00:01:26.474564,1.22E-05,0.000310651,-3.632557134,4.671219586,1.699085954,COMPLETE
64,130.18,17:20.7,18:42.9,0 days 00:01:22.123059,2.13E-05,0.000273948,-3.906820629,3.01577001,3.272027052,COMPLETE
65,129.32,18:42.9,20:05.7,0 days 00:01:22.801460,2.73E-05,0.000384535,-2.907797853,1.945562649,2.42936709,COMPLETE
66,107.96,20:05.7,21:27.8,0 days 00:01:22.176146,5.22E-05,0.00042762,-3.327179566,3.824615393,2.01277983,COMPLETE
67,122.38,21:27.8,22:50.5,0 days 00:01:22.636438,2.00E-05,0.000250368,-3.073758349,2.400484977,3.808737774,COMPLETE
68,141.22,22:50.5,24:13.3,0 days 00:01:22.796303,3.54E-05,0.000199054,-2.790020323,5.777735981,5.078916827,COMPLETE
69,128.7,24:13.3,25:36.1,0 days 00:01:22.787793,7.46E-05,0.000482532,-3.460220155,4.487267332,1.222850766,COMPLETE
70,130.76,25:36.1,27:03.5,0 days 00:01:27.424646,1.57E-05,0.000121148,-3.845560085,1.174186759,2.673678592,COMPLETE
71,154.94,27:03.5,28:25.7,0 days 00:01:22.235607,1.02E-05,0.000406046,-2.427699609,5.770909854,3.070821291,COMPLETE
72,111.16,01:03.6,02:26.7,0 days 00:01:23.036501,1.09E-05,0.00031499,-2.542652761,6.018236264,3.118834182,COMPLETE
73,103.4,02:26.7,03:44.0,0 days 00:01:17.331512,1.56E-05,0.000357334,-2.427563453,6.890687055,4.255550417,COMPLETE
74,142.38,03:44.0,05:02.1,0 days 00:01:18.050463,1.02E-05,0.000389958,-2.683803963,3.385100594,4.779068287,COMPLETE
75,149.14,05:02.1,06:20.3,0 days 00:01:18.278714,1.24E-05,0.000429901,-3.198705367,5.855738751,0.632296876,COMPLETE
76,122.62,06:20.3,07:39.4,0 days 00:01:19.095582,0.000187399,0.000431782,-2.954421374,5.540022207,0.625081307,COMPLETE
77,127.4,07:39.4,08:58.4,0 days 00:01:18.980971,0.00013291,0.000484532,-3.173670347,4.963329602,3.803545891,COMPLETE
78,133.48,08:58.4,10:17.4,0 days 00:01:18.996482,1.32E-05,0.000417328,-3.586037097,7.088756495,2.981419391,COMPLETE
79,132.32,10:17.4,11:36.4,0 days 00:01:18.973638,9.73E-05,0.000437679,-4.983538138,6.37153841,4.369232144,COMPLETE
80,117.04,11:36.4,12:55.4,0 days 00:01:18.995064,1.15E-05,0.000483996,-2.014526403,8.237247703,3.376568516,COMPLETE
81,112.7,12:55.4,14:14.6,0 days 00:01:19.184607,1.57E-05,0.000389767,-3.327703449,8.88465341,1.477664302,COMPLETE
82,133.62,14:14.6,15:34.4,0 days 00:01:19.845789,1.99E-05,0.000406348,-2.871399959,4.458850426,0.976500563,COMPLETE
83,117.86,15:34.4,16:57.9,0 days 00:01:23.497025,2.42E-05,0.000294939,-3.008746902,0.628548393,0.561643726,COMPLETE
84,119.92,16:57.9,18:17.7,0 days 00:01:19.789573,1.35E-05,0.000362736,-2.693587452,5.603092992,2.092701642,COMPLETE
85,114.2,18:17.7,19:37.6,0 days 00:01:19.875968,1.80E-05,0.000485491,-4.116024778,3.357140668,1.340244422,COMPLETE
86,123.96,19:37.6,20:57.9,0 days 00:01:20.287406,2.83E-05,0.000447873,-2.233299027,5.088278526,1.007263571,COMPLETE
87,113.76,20:57.9,22:17.5,0 days 00:01:19.630248,1.18E-05,0.000338207,-2.421458407,7.460707114,9.571763702,COMPLETE
88,126.96,22:17.5,23:37.4,0 days 00:01:19.916064,1.00E-05,0.000485829,-3.156635804,4.143509917,3.744740079,COMPLETE
89,120.38,23:37.4,24:57.1,0 days 00:01:19.651479,0.000112853,0.000447433,-2.827095838,2.487259019,4.769748089,COMPLETE
90,142.96,24:57.1,26:17.9,0 days 00:01:20.814484,4.82E-05,0.000371208,-1.099622377,1.138551192,1.856899332,COMPLETE
91,102.84,26:17.9,27:38.0,0 days 00:01:20.070911,1.50E-05,9.58E-05,-0.622127241,6.270491284,5.830382015,COMPLETE
92,155.98,27:38.0,28:59.1,0 days 00:01:21.054314,4.54E-05,0.00031959,-1.073572594,1.623758415,5.329026374,COMPLETE
93,153.38,28:59.1,30:19.4,0 days 00:01:20.318240,6.16E-05,0.000320655,-0.354466173,1.945842203,5.412584839,COMPLETE
94,131.2,30:19.4,31:40.8,0 days 00:01:21.425841,6.59E-05,0.0002688,-0.132693231,1.753414911,5.291194872,COMPLETE
95,130.26,31:40.8,33:01.8,0 days 00:01:21.030778,6.03E-05,0.000325602,-0.252768027,1.188862268,5.632042581,COMPLETE
96,120.02,33:01.8,34:23.0,0 days 00:01:21.169906,8.14E-05,0.000402056,-0.674517354,2.234211153,6.562227719,COMPLETE
97,124.8,34:23.0,35:44.6,0 days 00:01:21.548815,4.87E-05,0.000143167,-0.752857525,1.51483062,5.390013173,COMPLETE
98,141.42,35:44.6,37:05.8,0 days 00:01:21.195890,3.76E-05,7.53E-05,-1.462677042,2.871394334,4.972053657,COMPLETE
99,126.72,37:05.8,38:27.6,0 days 00:01:21.867375,4.51E-05,0.000284351,-0.334161244,3.292929968,5.1582083,COMPLETE
100,129.74,38:27.6,39:49.2,0 days 00:01:21.535116,0.00014306,0.000353285,-1.663867798,0.960959576,4.00681818,COMPLETE
101,131.64,39:49.2,41:11.0,0 days 00:01:21.774174,5.84E-05,0.000220364,-0.447425837,0.512402164,4.589228736,COMPLETE
102,93.38,19:54.4,21:17.7,0 days 00:01:23.279907,1.74E-05,0.000337178,-0.890179189,1.577325218,6.036602826,COMPLETE
103,103.1,21:17.7,22:36.2,0 days 00:01:18.517616,2.22E-05,0.000378725,-2.558448922,2.048222706,0.781611502,COMPLETE
104,115.68,22:36.2,23:55.1,0 days 00:01:18.896125,6.87E-05,0.000297215,-3.254457672,6.616186968,1.586438569,COMPLETE
105,131.94,23:55.1,25:13.7,0 days 00:01:18.569427,3.15E-05,0.000313265,-3.050666607,2.578574939,0.57296993,COMPLETE
106,136,25:13.7,26:32.7,0 days 00:01:19.013257,0.00010452,0.000248876,-1.17372641,3.694717188,2.706969981,COMPLETE
107,116.02,26:32.7,27:52.1,0 days 00:01:19.404525,1.19E-05,0.000451222,-1.811228255,6.027788977,4.381363186,COMPLETE
108,122.94,27:52.1,29:11.5,0 days 00:01:19.383261,0.002487575,0.000419446,-3.480954542,2.907359392,1.117463355,COMPLETE
109,149.84,29:11.5,30:31.1,0 days 00:01:19.609895,8.92E-05,0.00049153,-2.617575616,5.342402848,6.410802965,COMPLETE
110,117.68,30:31.1,31:50.5,0 days 00:01:19.380188,8.30E-05,0.00046272,-2.594853359,5.347094108,6.551779561,COMPLETE
111,127.8,31:50.5,33:10.4,0 days 00:01:19.910423,0.000178549,0.000490196,-2.339547606,4.661324014,7.417021985,COMPLETE
112,123.58,33:10.4,34:30.6,0 days 00:01:20.143333,0.000116932,0.000433226,-2.736742467,5.378224539,5.839763972,COMPLETE
113,125.56,34:30.6,35:51.0,0 days 00:01:20.387233,1.44E-05,0.000392785,-2.445370848,5.751507371,5.46155626,COMPLETE
114,128.52,35:51.0,37:14.1,0 days 00:01:23.153450,9.36E-05,0.000491358,-2.792877674,4.148675172,6.53164381,COMPLETE
115,117.84,37:14.1,38:35.9,0 days 00:01:21.709529,7.42E-05,0.000407668,-2.893205511,5.043491712,2.474144673,COMPLETE
116,132.5,38:35.9,39:57.2,0 days 00:01:21.345743,1.27E-05,0.000196025,-3.780555893,7.215494845,0.735767105,COMPLETE
117,179.56,39:57.2,41:18.6,0 days 00:01:21.347313,1.13E-05,0.000462001,-1.914075766,6.611949443,5.232730152,COMPLETE
118,126,41:18.6,42:40.6,0 days 00:01:22.034625,1.00E-05,0.000466543,-1.928966228,7.75260903,4.711941476,COMPLETE
119,112.48,42:40.6,44:02.6,0 days 00:01:22.006207,1.68E-05,0.000434647,-2.082203972,6.56419752,5.23728587,COMPLETE
120,107.92,44:02.6,45:24.9,0 days 00:01:22.265093,1.17E-05,0.000452009,-2.214118955,5.975914467,4.970405143,COMPLETE
121,110.08,45:24.9,46:50.1,0 days 00:01:25.253870,0.000157975,0.000492044,-1.034291576,6.836049183,6.274110188,COMPLETE
122,136.14,46:50.1,48:13.2,0 days 00:01:23.073335,1.36E-05,0.000378677,-3.37866424,5.758465597,5.771959195,COMPLETE
123,133.94,48:13.2,49:35.9,0 days 00:01:22.659380,5.43E-05,0.000323744,-2.460112498,9.8597187,4.388484637,COMPLETE
124,153.82,49:35.9,50:58.5,0 days 00:01:22.614659,1.95E-05,0.000421232,-1.407859078,4.948071525,4.130996086,COMPLETE
125,112.36,50:58.5,52:20.7,0 days 00:01:22.194135,1.14E-05,0.000416813,-1.346134026,4.793398169,3.508398799,COMPLETE
126,126.96,52:20.7,53:43.5,0 days 00:01:22.835545,1.43E-05,0.000348125,-1.7520013,6.399908014,4.050912842,COMPLETE
127,125.82,53:43.5,55:06.0,0 days 00:01:22.501920,0.000243999,0.000454477,-1.526619492,2.243379408,3.695766311,COMPLETE
128,115.24,55:06.0,56:30.2,0 days 00:01:24.150290,4.05E-05,0.000400155,-1.629068385,5.451742975,4.631674512,COMPLETE
129,118.12,56:30.2,57:53.2,0 days 00:01:22.981458,1.72E-05,0.000428488,-1.864685323,1.773210759,4.215639006,COMPLETE
130,123.2,57:53.2,59:16.0,0 days 00:01:22.857393,1.30E-05,0.000472909,-1.46108048,7.168990435,5.151440029,COMPLETE
131,129.4,59:16.0,00:39.1,0 days 00:01:23.053538,0.000107003,0.000164867,-2.652547498,6.182926686,3.1196213,COMPLETE
132,137.12,43:33.0,44:57.2,0 days 00:01:24.193843,2.67E-05,0.000306881,-3.094576174,4.523953585,4.888023724,COMPLETE
133,112.76,44:57.2,46:12.8,0 days 00:01:15.578993,1.93E-05,0.000367515,-2.979546069,5.142472639,0.566894127,COMPLETE
134,115.4,46:12.8,47:28.2,0 days 00:01:15.418788,2.34E-05,0.000490523,-2.270908041,0.872600717,0.92057017,COMPLETE
135,113.78,47:28.2,48:44.4,0 days 00:01:16.241806,1.61E-05,0.000435759,-3.18120097,4.239219035,2.262674359,COMPLETE
136,130.82,48:44.4,50:00.6,0 days 00:01:16.199539,1.10E-05,0.000276187,-1.266562589,1.37865061,1.380750607,COMPLETE
137,101.92,50:00.7,51:17.8,0 days 00:01:17.108208,8.73E-05,0.000356504,-0.816554042,3.722427678,5.4617715,COMPLETE
138,162.86,51:17.8,52:34.9,0 days 00:01:17.143191,6.24E-05,0.000392298,-2.526347774,4.964386318,4.396347465,COMPLETE
139,131.02,52:34.9,53:52.4,0 days 00:01:17.438947,7.34E-05,0.000393391,-2.024517932,5.887694336,4.223239775,COMPLETE
140,130.72,53:52.4,55:08.5,0 days 00:01:16.157699,5.73E-05,0.000415162,-2.464792224,5.579276768,4.383107053,COMPLETE
141,128.7,55:08.5,56:25.5,0 days 00:01:17.009936,6.44E-05,0.000455406,-2.32828797,8.201229798,3.948992766,COMPLETE
142,122.8,56:25.5,57:42.3,0 days 00:01:16.807727,0.000128293,0.000374984,-2.581977204,4.876323459,4.856732573,COMPLETE
143,135.24,57:42.3,58:59.0,0 days 00:01:16.666077,4.87E-05,0.000231165,-2.702531945,4.414207749,4.525591207,COMPLETE
144,96.08,58:59.0,00:17.8,0 days 00:01:18.825609,1.29E-05,0.000333887,-2.864145741,5.348058126,1.223218569,COMPLETE
145,128.22,00:17.8,01:35.0,0 days 00:01:17.185929,3.45E-05,0.000467639,-1.417815412,5.160164317,8.355373211,COMPLETE
146,144.72,01:35.0,02:52.3,0 days 00:01:17.289205,1.48E-05,0.000404448,-2.775248617,5.652643797,5.071203212,COMPLETE
147,129.86,02:52.3,04:09.5,0 days 00:01:17.193629,4.35E-05,0.000400845,-2.632745879,6.460493474,5.300836339,COMPLETE
148,116.46,04:09.5,05:27.1,0 days 00:01:17.611131,1.03E-05,0.000439385,-1.009260858,6.136574518,5.072961265,COMPLETE
149,113.18,05:27.1,06:44.1,0 days 00:01:16.987682,1.53E-05,0.000420358,-2.173471917,6.866960027,3.316667585,COMPLETE
150,131.6,06:44.1,08:01.5,0 days 00:01:17.363036,0.000204037,0.000495798,-2.778743494,5.716153716,5.621834639,COMPLETE
151,124.4,08:01.5,09:18.7,0 days 00:01:17.234903,1.17E-05,0.000389119,-2.345089176,1.868749642,6.004131184,COMPLETE
152,146.48,09:18.7,10:36.1,0 days 00:01:17.316660,2.17E-05,0.000112262,-2.981248925,2.1969849,4.680353074,COMPLETE
153,127.8,10:36.1,11:52.9,0 days 00:01:16.862938,1.91E-05,0.00010923,-3.004304102,2.237518962,4.598806679,COMPLETE
154,116.42,11:52.9,13:10.9,0 days 00:01:17.944144,1.39E-05,0.000114081,-2.544530454,1.368945026,4.7778982,COMPLETE
155,121.3,13:10.9,14:28.1,0 days 00:01:17.197358,6.78E-05,0.000464338,-2.939680893,2.726156359,4.986623136,COMPLETE
156,123.2,14:28.1,15:45.3,0 days 00:01:17.201895,1.61E-05,0.000131824,-2.730756299,1.965769962,2.91284647,COMPLETE
157,104.86,15:45.3,17:02.9,0 days 00:01:17.649986,7.83E-05,7.67E-05,-3.273572566,4.73145619,4.117787431,COMPLETE
158,133.4,17:02.9,18:20.6,0 days 00:01:17.707068,2.23E-05,6.67E-05,-3.140564073,3.921815874,3.859041186,COMPLETE
159,126.18,18:20.6,19:38.2,0 days 00:01:17.570372,1.20E-05,0.000104434,-1.568653708,1.609777181,5.236432353,COMPLETE
160,112.62,19:38.2,20:55.9,0 days 00:01:17.661491,1.45E-05,8.94E-05,-2.481079082,4.940829335,4.830114007,COMPLETE
161,117.42,20:55.9,22:13.4,0 days 00:01:17.513769,9.40E-05,0.000440807,-3.550276683,2.407372016,4.418814539,COMPLETE
163,116.62,08:37.6,10:01.9,0 days 00:01:24.313645,5.30E-05,0.0008161,-1.777175034,3.15417883,5.3830818,COMPLETE
164,166.42,10:01.9,11:26.5,0 days 00:01:24.528043,2.03E-05,0.000591392,-1.674370598,5.52659218,12.91714801,COMPLETE
165,156.62,11:26.5,12:44.9,0 days 00:01:18.459961,2.06E-05,0.000564014,-1.72501895,5.557481002,13.33795138,COMPLETE
166,121.44,12:44.9,14:04.9,0 days 00:01:19.976103,2.12E-05,0.000574833,-1.886639136,5.56290429,13.0010598,COMPLETE
167,139.96,14:04.9,15:24.3,0 days 00:01:19.408404,2.98E-05,0.000535799,-1.652055302,6.007539391,12.38027746,COMPLETE
168,126.18,15:24.3,16:43.5,0 days 00:01:19.176576,2.52E-05,0.000607622,-2.056509856,5.89518827,13.10002197,COMPLETE
169,146.88,16:43.5,18:05.4,0 days 00:01:21.919867,1.65E-05,0.000659438,-1.763677224,5.276149988,13.65351317,COMPLETE
170,123.46,18:05.4,19:37.0,0 days 00:01:31.608216,1.84E-05,0.000666429,-1.791384015,5.350875885,13.74066416,COMPLETE
171,117.78,19:37.0,20:59.5,0 days 00:01:22.442016,1.70E-05,0.000531522,-1.948196193,5.25009975,15.11447721,COMPLETE
172,97.54,20:59.5,22:20.2,0 days 00:01:20.729170,1.00E-05,0.000579016,-1.700433664,5.660488907,19.61956299,COMPLETE
173,160.14,22:20.2,23:39.1,0 days 00:01:18.894957,2.02E-05,0.000881674,-1.720652897,5.001365149,13.09042609,COMPLETE
174,129.76,23:39.1,24:59.1,0 days 00:01:20.042555,2.14E-05,0.000932817,-1.711003845,5.519186092,14.03503896,COMPLETE
175,154.48,24:59.2,26:19.1,0 days 00:01:19.971644,1.98E-05,0.000686033,-1.618853398,5.092364752,12.04711186,COMPLETE
176,109.58,26:19.1,27:39.0,0 days 00:01:19.912238,2.45E-05,0.000705144,-1.629487879,5.158149817,12.45633243,COMPLETE
177,129.38,27:39.0,28:59.1,0 days 00:01:20.085352,1.93E-05,0.000600855,-1.589981168,4.935671005,13.635285,COMPLETE
178,136.9,28:59.1,30:19.2,0 days 00:01:20.079402,2.87E-05,0.000539632,-1.729931511,5.016576296,12.12302734,COMPLETE
179,125.62,30:19.2,31:38.9,0 days 00:01:19.716418,1.59E-05,0.000659276,-1.880919521,4.690201283,14.51390951,COMPLETE
180,145.58,31:38.9,33:01.9,0 days 00:01:22.926554,0.000551177,0.000632285,-1.809296644,5.39333323,12.87991024,COMPLETE
181,99.46,33:01.9,34:22.5,0 days 00:01:20.625633,0.001017668,0.000622448,-1.824028352,5.301498152,12.83349224,COMPLETE
182,125.94,34:22.5,35:41.9,0 days 00:01:19.429088,0.001347284,0.000559108,-1.656808611,5.444401092,11.46996999,COMPLETE
183,151.04,35:41.9,37:03.8,0 days 00:01:21.856391,1.89E-05,0.000698046,-1.744888905,5.735127687,13.50561273,COMPLETE
184,133.58,37:03.8,38:24.2,0 days 00:01:20.384503,0.000664611,0.000742018,-1.735925725,5.827411463,13.41976233,COMPLETE
185,149.18,38:24.2,39:44.2,0 days 00:01:20.019385,0.000512954,0.000686444,-1.826184207,2.100051326,14.40087906,COMPLETE
186,150.34,39:44.2,41:05.5,0 days 00:01:21.304889,2.07E-05,0.000686121,-1.980326346,2.201877345,15.0508231,COMPLETE
187,134.72,41:05.5,42:29.6,0 days 00:01:24.071716,1.83E-05,0.00068853,-1.940394584,2.078753026,15.66809911,COMPLETE
188,124.38,42:29.6,43:49.7,0 days 00:01:20.160150,2.49E-05,0.000680795,-1.589245702,6.169593599,14.32553744,COMPLETE
189,126.74,43:49.7,45:10.4,0 days 00:01:20.614175,1.95E-05,0.000734578,-1.889862858,1.752850099,14.64152067,COMPLETE
190,156.48,45:10.4,46:28.6,0 days 00:01:18.237829,0.000860519,0.000843511,-1.995365363,5.12831782,15.66294109,COMPLETE
191,146.46,46:28.6,47:48.7,0 days 00:01:20.124390,0.001488033,0.000791857,-2.008118274,5.103163502,16.3981757,COMPLETE
192,124.14,47:48.7,49:09.7,0 days 00:01:20.939626,0.000417542,0.000870879,-1.685783165,4.576338529,16.00730926,COMPLETE
193,123.76,57:12.5,58:29.0,0 days 00:01:16.475782,0.000786096,0.0008361,-1.830312827,4.870539126,15.13907775,COMPLETE
194,157.4,58:29.0,59:48.8,0 days 00:01:19.760882,0.000292466,0.000643061,-1.757582783,5.246569696,13.43790155,COMPLETE
195,124.84,59:48.8,01:11.1,0 days 00:01:22.324879,0.000502245,0.000592908,-1.747238995,4.345813734,13.39812807,COMPLETE
196,145.34,01:11.1,02:30.5,0 days 00:01:19.377516,0.000311361,0.000647962,-1.839162169,5.240015138,14.0173191,COMPLETE
197,118.4,02:30.5,03:55.0,0 days 00:01:24.529167,0.000946072,0.000770896,-1.984805711,5.495489497,13.31708657,COMPLETE
198,134.26,03:55.0,05:15.5,0 days 00:01:20.459624,0.00076885,0.000642056,-1.764699476,5.067473105,11.92839944,COMPLETE
199,117.82,05:15.5,06:35.1,0 days 00:01:19.612341,0.000262729,0.000716557,-1.617667588,5.778513998,14.90572972,COMPLETE
200,146.26,06:35.1,07:53.2,0 days 00:01:18.063347,0.000315676,0.000518972,-1.920564304,4.82668611,15.62982867,COMPLETE
201,129.04,07:53.2,09:10.9,0 days 00:01:17.736093,0.000374827,0.00055724,-1.694084352,5.566507625,13.8924383,COMPLETE
202,159.48,09:10.9,10:30.4,0 days 00:01:19.435222,0.000507441,0.000930655,-2.107944142,5.201269547,17.03263322,COMPLETE
203,166.34,10:30.4,11:54.3,0 days 00:01:23.954764,0.000476886,0.000931077,-2.147527045,5.232219978,17.00146216,COMPLETE
204,139.02,11:54.3,13:12.9,0 days 00:01:18.551990,0.000532669,0.000971191,-2.075353717,4.996960322,17.54210593,COMPLETE
205,152.3,13:12.9,14:32.5,0 days 00:01:19.585346,0.00050833,0.000933241,-2.144248278,5.895965508,17.8818352,COMPLETE
206,127.44,14:32.5,15:52.4,0 days 00:01:19.896413,0.000569706,0.000898888,-2.187613479,6.269128952,17.00890027,COMPLETE
207,148.3,15:52.4,17:11.5,0 days 00:01:19.110945,0.00048715,0.000921326,-2.140365923,6.003388656,17.96286278,COMPLETE
208,154.08,17:11.5,18:32.3,0 days 00:01:20.822793,0.000439584,0.000862458,-2.143665021,5.164726671,17.82317554,COMPLETE
209,144.3,18:32.3,19:53.7,0 days 00:01:21.427445,0.000647078,0.000998909,-2.119349054,5.190026733,17.73311972,COMPLETE
210,141.7,19:53.7,21:14.6,0 days 00:01:20.831410,0.000597256,0.000871937,-2.020536311,5.67563554,18.54129119,COMPLETE
211,140.16,21:14.6,22:35.9,0 days 00:01:21.346401,0.000418712,0.000865964,-2.099209307,4.745160478,17.12113608,COMPLETE
212,118.02,22:35.9,23:56.3,0 days 00:01:20.382340,0.000375539,0.000936973,-2.262896403,5.452853031,17.00238515,COMPLETE
213,122.9,23:56.3,25:15.5,0 days 00:01:19.174617,0.000460752,0.000839363,-1.921935877,5.158227908,18.33828386,COMPLETE
214,130.66,25:15.5,26:34.8,0 days 00:01:19.276371,0.000366924,0.00079487,-1.966685844,5.007995964,18.31285522,COMPLETE
215,140.24,26:34.8,27:53.8,0 days 00:01:19.016838,0.000450007,0.000906338,-1.56174564,5.301301172,16.6667589,COMPLETE
216,138.64,27:53.8,29:20.1,0 days 00:01:26.302940,0.001813336,0.000953744,-2.385322627,4.642428599,18.9312617,COMPLETE
217,143.78,29:20.1,30:39.1,0 days 00:01:18.984726,0.000827511,0.000622236,-1.861237746,7.387181709,10.17039401,COMPLETE
218,129.44,30:39.1,32:03.7,0 days 00:01:24.638112,0.000489401,0.000830563,-2.224122539,5.64941457,17.46987014,COMPLETE
219,125.64,32:03.7,33:23.3,0 days 00:01:19.631824,0.000584278,0.000707273,-2.075866302,5.490147099,5.612415018,COMPLETE
220,144.08,33:23.4,34:43.1,0 days 00:01:19.751014,0.000707513,0.000872643,-2.164445049,5.892827202,12.69900111,COMPLETE
221,133.96,34:43.1,36:03.8,0 days 00:01:20.681332,0.004731235,0.00076691,-1.67623198,6.685442482,6.302968843,COMPLETE
222,106.06,36:03.8,37:23.4,0 days 00:01:19.568808,0.000360351,0.000961059,-1.802508818,4.84828547,5.484139625,COMPLETE
223,112.42,50:04.5,51:22.7,0 days 00:01:18.263924,2.23E-05,0.000684435,-2.003111925,9.033946073,7.38920909,COMPLETE
224,120.28,51:22.7,52:41.1,0 days 00:01:18.348297,0.000422334,0.000599959,-1.850097672,5.767398606,13.1970965,COMPLETE
225,116.12,52:41.1,53:59.0,0 days 00:01:17.887925,0.000469544,0.000904871,-1.598781361,6.068015877,14.25392474,COMPLETE
226,131.5,53:59.0,55:16.3,0 days 00:01:17.316621,1.13E-05,0.000512352,-1.715258753,5.30610405,5.31820167,COMPLETE
227,121.72,55:16.3,56:34.1,0 days 00:01:17.742509,0.000537947,0.000574493,-2.281038155,1.444310261,5.903298,COMPLETE
228,112.62,56:34.1,57:52.1,0 days 00:01:18.065141,0.000335814,0.000729424,-2.057427137,1.653806946,16.38064358,COMPLETE
229,118.7,57:52.1,59:10.3,0 days 00:01:18.200884,0.000269969,0.000548972,-1.907743311,5.071428142,17.29558761,COMPLETE
230,131.32,59:10.3,00:28.3,0 days 00:01:17.928716,0.000215535,0.000636532,-1.648477798,5.484613972,17.91905061,COMPLETE
231,146.96,00:28.3,01:46.9,0 days 00:01:18.671535,2.05E-05,0.000849138,-1.800961862,5.845600187,15.7037219,COMPLETE
232,122.2,01:46.9,03:06.0,0 days 00:01:19.112922,2.73E-05,0.000806638,-1.981140294,5.260750956,14.82459517,COMPLETE
233,131.8,03:06.1,04:25.3,0 days 00:01:19.263084,0.000448569,0.000899145,-2.139885078,6.520066441,17.86292481,COMPLETE
234,128.78,04:25.3,05:46.2,0 days 00:01:20.899922,0.000660626,0.000940076,-2.157323498,6.123045764,18.09683677,COMPLETE
235,130.92,05:46.2,09:30.7,0 days 00:03:44.508703,0.000515001,0.000995432,-4.521986839,5.878638404,13.53963217,COMPLETE
236,136.1,09:30.7,10:50.3,0 days 00:01:19.526322,0.00052164,0.000924536,-2.112786268,5.628376644,6.761312873,COMPLETE
237,153.98,10:50.3,12:08.0,0 days 00:01:17.746745,1.24E-05,0.000904396,-1.762374021,5.4005236,15.35718801,COMPLETE
238,137.38,12:08.0,13:25.3,0 days 00:01:17.277831,1.33E-05,0.000680668,-1.766783403,5.39924186,5.261328223,COMPLETE
239,120.54,13:25.3,14:43.2,0 days 00:01:17.896637,1.22E-05,0.000625911,-1.697247461,2.010296811,13.0719381,COMPLETE
240,128.28,14:43.2,16:01.3,0 days 00:01:18.082974,1.04E-05,0.000767543,-1.838741185,4.943531207,15.30507887,COMPLETE
241,134.28,16:01.3,17:18.7,0 days 00:01:17.383703,1.85E-05,0.000519161,-2.511020196,5.173046423,16.6217592,COMPLETE
242,160.32,17:18.7,18:35.3,0 days 00:01:16.680708,2.37E-05,0.00059925,-1.573567373,5.645808303,15.45839146,COMPLETE
243,144.76,18:35.4,19:53.7,0 days 00:01:18.362943,2.53E-05,0.000564031,-1.576798887,5.610984338,15.58336995,COMPLETE
244,143.34,19:53.7,21:12.2,0 days 00:01:18.477455,2.22E-05,0.000603134,-1.668481872,5.38808535,15.33156051,COMPLETE
245,120.5,21:12.2,22:33.1,0 days 00:01:20.949472,6.05E-05,0.000660496,-1.546575646,5.118563248,16.00989635,COMPLETE
246,112.88,22:33.2,23:54.7,0 days 00:01:21.575124,1.74E-05,0.000580419,-1.739472772,5.720840384,15.97862495,COMPLETE
247,124.18,23:54.7,25:14.4,0 days 00:01:19.655200,2.02E-05,0.000875392,-1.655148494,5.520470197,14.85893071,COMPLETE
248,123.32,25:14.4,26:32.8,0 days 00:01:18.421520,1.14E-05,0.000646146,-1.738483689,6.309613797,12.70599785,COMPLETE
249,118.3,26:32.8,27:48.9,0 days 00:01:16.108621,2.33E-05,0.000703612,-1.890938861,4.861417526,5.731249591,COMPLETE
250,144.36,27:48.9,29:06.9,0 days 00:01:17.994808,3.01E-05,0.000966788,-1.590300887,5.281533746,14.1828846,COMPLETE
251,113.74,29:06.9,30:24.8,0 days 00:01:17.843989,3.75E-05,0.000612322,-2.593771045,2.550704175,9.324886204,COMPLETE
252,128.18,30:24.8,31:45.7,0 days 00:01:20.908895,1.48E-05,0.000837673,-1.789794648,5.995489809,5.274068322,COMPLETE
253,152.02,34:01.4,35:18.3,0 days 00:01:16.884570,1.27E-05,0.000883848,-1.995505451,1.256747274,14.57514186,COMPLETE
254,107.96,35:18.3,36:35.4,0 days 00:01:17.136051,1.27E-05,0.00088327,-1.979684974,1.199249833,14.50257815,COMPLETE
255,131.04,36:35.4,37:54.6,0 days 00:01:19.177497,1.80E-05,0.000915194,-2.018012716,0.934486274,15.12023579,COMPLETE
256,148.44,37:54.6,39:12.7,0 days 00:01:18.058400,1.00E-05,0.000800931,-1.912685042,1.197229767,10.58116845,COMPLETE
257,138.28,39:12.7,40:34.8,0 days 00:01:22.164411,8.04E-05,0.000904382,-1.633926616,1.723248558,6.200877777,COMPLETE
258,124.48,40:34.8,42:03.8,0 days 00:01:28.932939,3.25E-05,0.000848956,-2.218731795,4.96128019,15.36031169,COMPLETE
259,137.28,42:03.8,43:22.8,0 days 00:01:19.079618,2.04E-05,0.000952914,-2.070449108,2.238917459,13.88224986,COMPLETE
260,161.04,43:22.9,44:42.2,0 days 00:01:19.374378,1.59E-05,0.000726441,-1.735940796,1.888697576,13.37520638,COMPLETE
261,135.96,44:42.2,46:01.4,0 days 00:01:19.131483,1.58E-05,0.00080312,-1.7127685,7.003435826,13.01908854,COMPLETE
262,141.9,46:01.4,47:20.0,0 days 00:01:18.617605,1.41E-05,0.000509552,-1.547548953,0.707570735,13.30975927,COMPLETE
263,138.06,47:20.0,48:38.3,0 days 00:01:18.351508,1.69E-05,0.000752113,-1.660016566,1.30623557,12.38738235,COMPLETE
264,130.88,48:38.3,50:02.2,0 days 00:01:23.907068,1.35E-05,0.000724114,-2.4038115,1.570926914,13.53138571,COMPLETE
265,164.92,50:02.3,51:21.3,0 days 00:01:19.020823,2.30E-05,0.00099896,-1.774243213,1.915381049,18.78447274,COMPLETE
266,130.06,51:21.3,52:38.1,0 days 00:01:16.829521,2.37E-05,0.000955529,-1.736159906,1.753186092,19.34573656,COMPLETE
267,129.54,52:38.1,53:56.9,0 days 00:01:18.802671,2.19E-05,0.000972047,-1.855714416,1.844171803,18.99282415,COMPLETE
268,132.82,53:56.9,55:15.9,0 days 00:01:18.986271,1.89E-05,0.000903909,-1.951670047,4.546043349,18.4527338,COMPLETE
269,125.92,55:15.9,56:37.0,0 days 00:01:21.132149,1.61E-05,0.000860435,-1.795899646,5.143047904,12.64156368,COMPLETE
270,122.86,56:37.0,57:55.7,0 days 00:01:18.689780,1.14E-05,0.000920544,-1.643153706,1.929741182,16.23916825,COMPLETE
271,136.84,57:55.7,59:15.0,0 days 00:01:19.218671,2.49E-05,0.000994378,-2.04089293,4.718437896,18.7732908,COMPLETE
272,138.44,59:15.0,00:33.7,0 days 00:01:18.739347,2.82E-05,0.000670754,-1.786459971,1.445175524,17.45319804,COMPLETE
273,147.7,00:33.7,01:52.8,0 days 00:01:19.133471,1.96E-05,0.000298989,-1.55714283,5.379728147,13.26330751,COMPLETE
274,122.98,01:52.8,03:12.0,0 days 00:01:19.141123,1.39E-05,0.000584405,-1.712896391,5.592187014,5.654168925,COMPLETE
275,146.34,03:12.0,04:35.8,0 days 00:01:23.773356,2.19E-05,0.000836018,-1.894233712,2.369744399,13.80483625,COMPLETE
276,138.08,04:35.8,05:53.6,0 days 00:01:17.841333,0.000909093,0.000621546,-1.767237572,1.05464884,16.73225562,COMPLETE
277,134.4,05:53.6,07:12.7,0 days 00:01:19.114580,0.001168198,0.000881006,-2.29168661,5.05744276,5.274677427,COMPLETE
278,130.28,07:12.7,08:32.9,0 days 00:01:20.198269,0.000283831,0.000319665,-1.6043342,1.566008235,14.80464917,COMPLETE
279,130.14,08:32.9,09:52.8,0 days 00:01:19.868130,1.58E-05,0.000934197,-1.956554338,7.700414311,15.83268911,COMPLETE
280,128.24,09:52.8,11:11.9,0 days 00:01:19.145844,1.80E-05,0.000652052,-1.839406891,5.289758599,19.17830103,COMPLETE
281,118.72,11:11.9,12:31.3,0 days 00:01:19.321509,1.17E-05,0.000786326,-2.115358651,5.779198712,15.38374209,COMPLETE
282,141.24,12:31.3,13:51.0,0 days 00:01:19.736033,1.95E-05,0.000993976,-1.675851262,1.898011365,19.70127233,COMPLETE
283,139.56,14:16.8,15:38.3,0 days 00:01:21.571885,2.57E-05,0.000284693,-2.202792591,5.476336584,12.00076902,COMPLETE
284,137.02,15:38.3,17:00.7,0 days 00:01:22.412121,1.27E-05,0.000709382,-2.030830578,4.876426236,5.544352238,COMPLETE
285,166.12,17:00.8,18:27.2,0 days 00:01:26.438672,4.54E-05,0.00055072,-1.721579829,5.185237295,12.95426238,COMPLETE
286,142.56,18:27.2,19:52.9,0 days 00:01:25.690789,4.60E-05,0.000541337,-1.716879396,5.185682514,13.08487683,COMPLETE
287,136.5,19:52.9,21:18.0,0 days 00:01:25.090066,1.11E-05,0.000557591,-1.79975191,4.752239547,12.91077082,COMPLETE
288,126.5,21:18.0,22:44.6,0 days 00:01:26.575643,0.000408892,0.0005747,-1.604869949,4.98286054,13.38525647,COMPLETE
289,127,22:44.6,24:15.6,0 days 00:01:30.998277,3.89E-05,0.000599814,-1.666958647,5.656133587,6.032518383,COMPLETE
290,148.54,24:15.6,25:43.0,0 days 00:01:27.434102,6.04E-05,0.000885463,-1.548144014,5.357652065,19.96126409,COMPLETE
291,135,25:43.0,27:13.3,0 days 00:01:30.310728,1.49E-05,0.000532643,-1.752855728,3.530259539,13.68425976,COMPLETE
292,160.94,27:13.3,28:44.5,0 days 00:01:31.231366,5.27E-05,0.000937324,-1.875008848,5.501178943,11.66162042,COMPLETE
293,118.34,28:44.5,30:09.3,0 days 00:01:24.779576,5.14E-05,0.000938666,-1.945401514,5.231772985,11.60627313,COMPLETE
294,138.3,30:09.3,31:27.9,0 days 00:01:18.571561,5.36E-05,0.00094594,-1.841994553,5.062971075,12.1726307,COMPLETE
295,114.6,31:27.9,32:53.4,0 days 00:01:25.466402,4.30E-05,0.000995738,-1.905424616,4.415335718,11.60145806,COMPLETE
296,130.78,32:53.4,34:22.0,0 days 00:01:28.629387,6.72E-05,0.000858245,-1.61759428,5.474735639,17.67287673,COMPLETE
297,118.58,34:22.0,35:47.5,0 days 00:01:25.470744,4.60E-05,0.000893508,-1.87780922,5.129720002,5.308490418,COMPLETE
298,138.32,35:47.5,37:09.1,0 days 00:01:21.583303,5.60E-05,0.000335272,-1.818354422,4.623289517,12.46467004,COMPLETE
299,159.96,37:09.1,38:37.3,0 days 00:01:28.208061,3.51E-05,0.000823199,-1.708655237,5.542569839,12.69909535,COMPLETE
300,126.6,38:37.3,40:01.1,0 days 00:01:23.826880,3.65E-05,0.00025478,-1.692059887,5.548933427,12.72714852,COMPLETE
301,126.98,40:01.1,41:21.5,0 days 00:01:20.429057,4.82E-05,0.000823379,-1.73670538,5.917398474,17.14428975,COMPLETE
302,120.7,41:21.5,42:41.1,0 days 00:01:19.521187,6.04E-05,0.000352545,-1.546876269,5.345452905,12.21497217,COMPLETE
303,135.64,42:41.1,44:01.9,0 days 00:01:20.837973,4.26E-05,0.000816513,-1.634993089,5.653844425,16.85736402,COMPLETE
304,136.48,44:01.9,45:21.7,0 days 00:01:19.745902,3.42E-05,0.000934467,-1.783579275,4.893613699,18.200235,COMPLETE
305,149.64,45:21.7,46:41.4,0 days 00:01:19.764943,5.22E-05,0.000604718,-1.698002076,5.195638103,12.64029265,COMPLETE
306,101.38,46:41.4,48:01.3,0 days 00:01:19.859894,6.94E-05,0.000548709,-2.313095809,5.492698447,8.50971315,COMPLETE
307,120.94,48:01.3,49:20.9,0 days 00:01:19.648613,0.000337468,0.000850862,-1.642532785,4.984672696,13.03323799,COMPLETE
308,142.42,49:20.9,50:40.3,0 days 00:01:19.364767,3.79E-05,0.000588684,-1.542416082,8.034774825,5.276654878,COMPLETE
309,142.92,50:40.3,52:00.4,0 days 00:01:20.108132,2.88E-05,0.000412529,-1.766589863,5.365371484,7.914668827,COMPLETE
310,143.48,52:00.4,53:21.7,0 days 00:01:21.309512,3.17E-05,0.000901634,-2.174059852,6.164075919,5.862077691,COMPLETE
311,144.94,53:21.7,54:41.5,0 days 00:01:19.722632,4.06E-05,0.0005111,-1.860710664,5.798272742,5.167706631,COMPLETE
312,172.84,54:41.5,56:01.7,0 days 00:01:20.257192,1.00E-05,0.000956305,-1.699326284,4.815846139,18.72674372,COMPLETE
313,104.98,48:35.1,54:12.9,0 days 00:05:37.882715,0.001674837,9.02E-05,-2.054891795,0,6.798468667,COMPLETE
314,137.94,54:13.0,00:20.0,0 days 00:06:06.987873,0.009566917,5.07E-05,-1.916596775,0,6.840776337,COMPLETE
315,138.6,25:46.9,31:55.4,0 days 00:06:08.550178,0.008309873,5.29E-05,-1.608027642,0,6.73635637,COMPLETE
316,120.22,31:55.4,38:01.9,0 days 00:06:06.472612,0.008409819,4.03E-05,-1.923034481,0,6.734400052,COMPLETE
317,132.82,38:01.9,44:06.0,0 days 00:06:04.122943,0.006891493,3.85E-05,-2.673124286,0,8.092774872,COMPLETE
318,112.06,44:06.1,50:12.0,0 days 00:06:05.926174,0.000106095,4.93E-05,-1.361427354,0,5.646336159,COMPLETE
319,123,01:03.2,07:12.3,0 days 00:06:09.164783,7.03E-05,9.07E-05,-0.267912667,7.423624457,5.535360006,COMPLETE
320,113.22,07:12.3,13:22.4,0 days 00:06:10.090009,0.003129493,0.000125994,-2.053609775,0.548467201,8.107795809,COMPLETE
321,117.84,13:22.5,19:32.4,0 days 00:06:09.912336,0.003324605,7.27E-05,-1.406257866,9.923248738,7.830648095,COMPLETE
322,119.16,19:32.4,25:41.0,0 days 00:06:08.618855,0.000662975,0.000120446,-2.744472553,1.704846523,5.863814918,COMPLETE
323,127.82,25:41.0,31:51.0,0 days 00:06:10.008697,0.003279892,6.77E-05,-3.588823079,4.209109517,2.635405598,COMPLETE
324,125.06,31:51.0,38:00.5,0 days 00:06:09.478674,9.40E-05,0.000130174,-0.861890545,4.788608455,4.634479771,COMPLETE
325,136.56,38:00.5,44:11.5,0 days 00:06:10.968319,0.00479207,5.74E-05,-2.511041507,9.806688975,8.405009702,COMPLETE
326,157.54,44:11.5,50:24.7,0 days 00:06:13.218241,0.003789759,6.71E-05,-2.435171857,9.799620256,9.115866228,COMPLETE
327,141.36,50:24.7,57:11.7,0 days 00:06:46.983071,0.002613756,7.21E-05,-1.806138638,7.216756121,9.910294598,COMPLETE
328,129.04,57:11.7,03:23.0,0 days 00:06:11.246943,0.001036945,7.89E-05,-2.357575229,7.574585721,9.468663146,COMPLETE
329,142.36,03:23.0,09:33.5,0 days 00:06:10.490124,0.002196447,0.000105809,-1.622697266,7.695489276,9.030670089,COMPLETE
330,113.46,09:33.5,15:43.0,0 days 00:06:09.465448,0.000485773,0.000111308,-0.99987962,7.706517104,9.164573504,COMPLETE
331,135.12,15:43.0,21:51.3,0 days 00:06:08.290025,0.002334733,0.000103097,-2.924451563,8.475686998,9.998151305,COMPLETE
332,130.8,21:51.3,28:00.5,0 days 00:06:09.232707,0.000264998,0.000146573,-2.297431808,6.148679829,8.78296047,COMPLETE
333,115.76,28:00.5,34:12.0,0 days 00:06:11.494325,0.000599473,7.85E-05,-3.910824134,6.233472512,7.666531281,COMPLETE
334,158.7,34:12.0,40:25.3,0 days 00:06:13.238527,0.001086278,9.83E-05,-1.680422501,8.864764688,9.421343584,COMPLETE
335,143.3,40:25.3,46:35.4,0 days 00:06:10.096194,0.001044068,9.62E-05,-1.659153912,8.854376791,9.397501571,COMPLETE
336,136.96,46:35.4,52:48.6,0 days 00:06:13.222982,0.001098892,9.35E-05,-1.099324883,8.996733477,9.282377547,COMPLETE
337,133.92,52:48.6,59:05.8,0 days 00:06:17.182060,0.001391321,0.000151767,-2.201712376,8.944664824,8.555788567,COMPLETE
338,150.48,59:05.8,05:54.8,0 days 00:06:48.978558,0.000388981,0.000102855,-1.635806417,8.883925449,9.697035662,COMPLETE
339,144.42,05:54.8,11:58.0,0 days 00:06:03.137906,0.00040959,8.47E-05,-1.624760229,8.989750183,7.567997021,COMPLETE
340,115.18,11:58.0,18:01.9,0 days 00:06:03.954935,0.000356378,0.000183362,-0.667656378,9.99291087,7.480851333,COMPLETE
341,152.02,18:02.0,24:08.5,0 days 00:06:06.585678,0.000174685,8.15E-05,-1.246637946,8.467449419,9.621128131,COMPLETE
342,127.54,24:08.6,30:30.4,0 days 00:06:21.818493,0.000171539,6.41E-05,-1.1766406,8.324082609,9.719350118,COMPLETE
343,116.52,30:30.4,37:03.4,0 days 00:06:32.967922,0.000176362,6.22E-05,-0.212550843,6.50397447,8.685826118,COMPLETE
344,132.28,37:03.4,43:27.5,0 days 00:06:24.114277,4.55E-05,0.00022647,-3.08475204,9.319964371,9.948635581,COMPLETE
345,106.62,43:27.5,49:36.1,0 days 00:06:08.612240,0.000421251,8.22E-05,-1.418020175,8.341676738,7.375948672,COMPLETE
346,124.32,49:36.1,55:39.8,0 days 00:06:03.630557,0.000206842,8.43E-05,-1.675679179,9.289542316,8.383122129,COMPLETE
347,120.28,55:39.8,01:43.0,0 days 00:06:03.234375,0.000335002,0.000351178,-1.18811365,8.333995995,9.019125188,COMPLETE
348,150.72,01:43.0,07:46.8,0 days 00:06:03.721839,0.000132081,0.00013698,-0.831229153,9.29966089,6.248088788,COMPLETE
349,120.32,43:39.4,49:49.0,0 days 00:06:09.528292,0.000146086,0.00011468,-0.618455144,9.590971141,0.725932152,COMPLETE
350,113.16,49:49.0,55:52.3,0 days 00:06:03.335158,3.77E-05,0.000132107,-0.835970925,7.188006049,6.34064755,COMPLETE
351,134.24,55:52.3,01:56.0,0 days 00:06:03.652974,0.000704194,0.000140691,-0.471811292,3.346820667,4.722933031,COMPLETE
352,139.32,01:56.0,07:58.4,0 days 00:06:02.359768,0.000124826,0.000101025,-2.032064667,8.374114826,3.243350877,COMPLETE
353,139.16,07:58.4,14:02.8,0 days 00:06:04.424921,8.28E-05,0.000166854,-1.280190305,9.481136198,9.494658398,COMPLETE
354,136.98,14:02.8,20:08.9,0 days 00:06:06.036918,6.49E-05,0.000163385,-2.505231742,7.945125603,8.340246196,COMPLETE
355,123.1,20:08.9,26:16.0,0 days 00:06:07.170194,0.000216993,7.20E-05,-1.439594303,8.904828802,7.083187398,COMPLETE
356,136.82,26:16.0,32:21.7,0 days 00:06:05.614002,0.000289979,8.78E-05,-1.754908552,9.946728556,6.032639149,COMPLETE
357,127.62,32:21.7,38:30.0,0 days 00:06:08.362287,0.000533621,0.000106169,-1.0077577,9.1313186,6.449592321,COMPLETE
358,130.56,38:30.1,44:46.5,0 days 00:06:16.489359,0.000822549,0.000115887,-1.933755471,8.663362929,7.946802787,COMPLETE
359,130.18,44:46.6,51:26.5,0 days 00:06:39.939505,0.000406434,9.20E-05,-3.464548513,0.61129348,5.173319409,COMPLETE
360,144.2,51:26.5,57:49.5,0 days 00:06:23.019968,0.001527042,7.60E-05,-1.494985977,9.662921712,9.632957227,COMPLETE
361,143.22,57:49.5,03:56.4,0 days 00:06:06.856666,0.00083915,6.65E-05,-2.145875705,6.942657825,7.23190311,COMPLETE
362,133.82,03:56.4,10:02.3,0 days 00:06:05.850600,0.000129042,5.69E-05,-0.727764109,7.968707114,8.928321604,COMPLETE
363,120.76,13:25.2,19:53.1,0 days 00:06:27.928799,0.001871118,0.000136023,-0.379390846,3.182206773,8.119242766,COMPLETE